theta_a,theta_b,w_a,w_b,nu_a,nu_b,log_likelihood
0.290721943126876,0.309390689967467,13.940580089091,9.90868715534634,1.93076382899306,1.5184679602975,-3144.52828674821
0.285713304742327,0.318676998890942,13.887111289761,9.48802215840054,2.03140634128872,1.41728014109996,-3144.03227330946
0.286570144061329,0.310581350124286,15.474688118627,10.1399806295792,1.81287050155786,1.44497967095366,-3145.320729761
0.311306500798902,0.328716786060198,14.4944627242824,10.3031910635105,1.88837758518242,1.37257883127216,-3144.41222784274
0.294916570288147,0.310510395277916,13.8037302810467,9.706587912159,2.02460890932043,1.31279888126718,-3144.68563488559
0.302918652106113,0.327271509086311,14.6896479507553,10.2314034252604,2.00787167509099,1.46677112404521,-3144.07815474105
0.30313303574013,0.324362555056748,14.1377061132711,9.87317631742679,1.94096531174284,1.4382113883459,-3143.33433656295
0.294962427227304,0.303142369873547,14.1943216162511,10.0777552746742,1.81480662623079,1.49035697898112,-3144.8807849491
0.335378209217543,0.321678620846972,15.6492101495197,9.81664220094233,1.95767560985072,1.3688589116382,-3151.07197498377
0.30498335358368,0.314029655422343,13.4147225060938,10.3660008220755,1.85696025971822,1.4144173216701,-3145.4094955017
0.307286514796195,0.308013779694256,13.9616509792916,9.83320161242742,1.89677314869343,1.47428996677942,-3144.81936971369
0.318676057296148,0.324236836967967,14.6398829086851,10.1838016611069,1.91728702253424,1.41241265661881,-3145.1036697687
0.278151147594241,0.303809459113109,14.2926811796544,10.170578343877,2.01176747328097,1.37473413637638,-3143.59285941814
0.31819224258174,0.312672933545106,14.3721328934548,10.0194185577332,1.90010283854288,1.31834784852049,-3145.69234607534
0.287888607309074,0.328912594256956,14.2681224851338,11.0744506239783,2.23086171590388,1.43936972097036,-3148.32754254405
0.281052212671359,0.315142488686587,14.2360666477459,11.0508815081297,1.97064710431654,1.39852125302598,-3144.68924579814
0.28814215979684,0.329253070579601,14.1829050436237,10.1326156779281,1.82658028230128,1.44380988809834,-3143.40954138477
0.287264477940565,0.33961186577135,14.4883088274019,10.1899000323234,1.77707336566729,1.4445437608334,-3144.67961248021
0.291399805887513,0.311961624370707,15.1501096100191,10.1987543740243,1.87908777459679,1.46716118612364,-3144.42400810029
0.291399805887513,0.311961624370707,15.1501096100191,10.1987543740243,1.87908777459679,1.46716118612364,-3144.42400810029
0.297375903794187,0.335321644944608,15.7662989516373,9.8899670529134,1.74849194311122,1.33053515745831,-3147.46139286508
0.283548946520575,0.312763426230591,13.5741635149852,10.1760943766568,1.81866432707558,1.4159494350403,-3144.34610970712
0.309184277931878,0.316738573619923,14.6288627197804,10.6989620547168,2.03715050140611,1.39218268711539,-3145.15083958628
0.306016817165593,0.305606207169175,13.9618794438038,11.1580661668071,1.9584490556573,1.51634021099681,-3148.05499354904
0.296596094306294,0.315034192202119,14.2765744982817,10.3001063888381,1.98869759784028,1.30294515956075,-3143.94487071089
0.283027922771562,0.310443040661815,14.0978733955149,9.77955402400586,1.93343399733348,1.46295957992741,-3143.42820563152
0.283749990558479,0.299165945862789,14.180601088191,9.67700758357331,1.75021198116204,1.46957588913981,-3146.26696197429
0.318676057296148,0.324236836967967,14.6398829086851,10.1838016611069,1.91728702253424,1.41241265661881,-3145.1036697687
0.311306500798902,0.328716786060198,14.4944627242824,10.3031910635105,1.88837758518242,1.37257883127216,-3144.41222784274
0.298300333702784,0.287786588753166,13.3661919249744,10.429345563859,1.75347254892497,1.37504357617396,-3149.02687724524
0.308492441390487,0.308350447873988,14.5029728953754,9.86862008185133,2.04527332645688,1.44642822748228,-3144.69865181176
0.289272325505479,0.289110109096691,14.2242958600913,9.27529041173886,1.95553943877636,1.3785384449381,-3146.47249531602
0.273122923136596,0.289443456883208,13.8413431769102,9.39364022416265,2.03791523191087,1.31554251397859,-3147.80348444349
0.306631203924353,0.312715232563092,13.182313944161,9.71810442974284,1.80631841158585,1.47982255932834,-3147.79511554273
0.297245816216259,0.316880795140085,14.3749787914464,9.78316530724461,1.94632792573612,1.45161938308826,-3143.21146708336
0.295330828410669,0.311741716396211,13.5705476325414,9.71535853424429,1.93872787947593,1.42631433281373,-3144.25203851697
0.284285604323761,0.330697203531913,14.057327816061,9.63056925970369,1.78975515141791,1.41238087232044,-3144.32527376034
0.303508890056267,0.308677866234571,14.6285631566282,10.5885827920809,1.94269343544662,1.40279835589758,-3144.30032899747
0.300244461285833,0.30003949626557,15.0553753162538,10.0242221357142,1.90360157892055,1.41467079255521,-3144.91525369514
0.311306500798902,0.328716786060198,14.4944627242824,10.3031910635105,1.88837758518242,1.37257883127216,-3144.41222784274
0.300294650606573,0.315289247610678,13.997013062846,10.4929111357058,1.93748385892351,1.3127290721585,-3144.30112397845
0.299044134102642,0.31507503025021,13.580833636324,10.1326358470427,1.93712324197964,1.37132281540368,-3144.02009675401
0.293658395876073,0.344893387415024,13.9474055684337,10.2810277105557,1.70867663338057,1.3815746005653,-3146.76386587119
0.274343825760142,0.309872160051027,14.794608992947,9.80694927049078,1.89160701685837,1.19758173232488,-3148.21631246311
0.286430880847211,0.318738765495256,13.5222856540143,10.4181999351665,2.10589563304149,1.41016413651285,-3145.56835635891
0.311311735751798,0.303342981059471,14.0781248392972,10.1306451489647,1.83185306022397,1.42703356321103,-3145.27989920875
0.305035369996061,0.316725088588395,14.1489521077892,9.97623992500251,2.17971773503467,1.32549086461669,-3146.20850630963
0.312022277526195,0.307899466667956,14.5025479750615,10.4300600964263,2.00908871500978,1.26665770041727,-3146.70780139413
0.282709002323833,0.313257177205454,14.3578953767537,10.1308998703079,1.800251973305,1.41276822346909,-3143.55010872802
0.315990248688838,0.325067886289092,14.45316553089,10.3561444849126,2.08442566031482,1.35186327586593,-3145.75446293128
0.290681348831272,0.333911552042268,14.8366291007028,10.2302904269773,1.93309092184249,1.41977031944138,-3143.4776086663
0.299627285981634,0.310878270516426,14.8205344685288,10.022887281723,1.88612044931377,1.25496284583834,-3145.91324466629
0.29903436699695,0.30542690609744,13.5430656895581,10.521684458665,1.89377171034959,1.32877903509708,-3145.58703317819
0.300426296466094,0.311947956488748,14.6892895261527,10.3391893494102,2.06524598417404,1.43137998683408,-3144.23970621515
0.286570144061329,0.310581350124286,15.474688118627,10.1399806295792,1.81287050155786,1.44497967095366,-3145.320729761
0.288521723226198,0.310628044268274,13.7869553532645,10.0723494446827,1.81011066996142,1.19659160417976,-3148.41887518942
0.295417383476864,0.296297290523228,14.1902443457571,11.3140622444927,1.92645673619713,1.42277414218517,-3147.37638316683
0.279149737702304,0.297737071966606,13.9615094552419,10.887552188638,1.77875165120941,1.43285348200796,-3146.94289825931
0.310376408322442,0.309084714223625,14.4274887023871,9.85054955599816,2.08795833664452,1.45253205969605,-3145.3051103592
0.302022933945042,0.326060468181255,14.1080500300104,10.0701396928325,1.91515144398824,1.48501651826002,-3143.81064142091
0.309184277931878,0.316738573619923,14.6288627197804,10.6989620547168,2.03715050140611,1.39218268711539,-3145.15083958628
0.303909553920091,0.31818891620408,14.0713667408128,10.3954809686589,1.94589038142534,1.58555226969897,-3146.67563219099
0.294897304451934,0.320565703960862,14.3480551256769,10.324906153051,1.84686235197076,1.30715135079048,-3144.09336166366
0.2899640454772,0.331458777990363,14.6102664794948,10.5796554217236,2.10241384774793,1.36152037642369,-3144.68827436409
0.291651819287478,0.303416456098812,14.6153398020504,9.69403102361482,1.97716133483442,1.4126271609227,-3143.79499057327
0.299428839649519,0.296606296895531,14.5241747317971,10.2870848837281,2.00712725534804,1.40191714351926,-3144.59766526854
0.321074351463064,0.324075491028915,14.4362484937621,9.87523133523278,1.74548057702382,1.47040406086417,-3147.51437464207
0.279359761117007,0.291776031818627,13.9686279627638,10.4540390091397,1.9476592948945,1.37410251378031,-3145.2441220603
0.288167740624545,0.3168722366394,14.2615761554053,10.1595046253433,1.80208165972206,1.33717347262543,-3143.84011440613
0.317510323206032,0.307076416378008,15.8782423563013,10.4161327303442,1.7962865219813,1.53478056465911,-3150.77847553837
0.289004892502057,0.326705332224283,15.3461315597619,10.1512693217206,1.81972799027412,1.3300118616356,-3145.14528215787
0.308110267998154,0.340717926444723,14.6126859037423,9.84043221655028,1.82553902771015,1.41756168888049,-3145.24738463363
0.284751245546367,0.325801988119553,13.6845873566296,10.2575183450153,1.85347988495499,1.4313559350987,-3143.73824186823
0.310376408322442,0.309084714223625,14.4274887023871,9.85054955599816,2.08795833664452,1.45253205969605,-3145.3051103592
0.297608000376166,0.313761064008571,14.1885172823443,9.71691946772676,1.90772258801426,1.39170498486555,-3143.1645655685
0.278282868344612,0.329041449992225,14.4857376057502,10.1992888416087,2.03496128905652,1.46742353059643,-3143.62319947751
0.289004892502057,0.326705332224283,15.3461315597619,10.1512693217206,1.81972799027412,1.3300118616356,-3145.14528215787
0.30378141162523,0.303216892295137,13.9159496924592,9.78623729256599,1.9224534223431,1.40936071190946,-3144.30294600555
0.282365262687744,0.321885018225956,13.530979042643,10.644533841504,1.9291697567368,1.35741394364983,-3144.64775798119
0.304087164803921,0.329880394944839,14.158064404911,9.78300261291107,1.79843305328813,1.44762748026292,-3144.73633510996
0.303287755857861,0.303952203370521,15.1837002969391,9.8516204031644,1.92792996380175,1.36188382289693,-3145.32515683237
0.289004892502057,0.326705332224283,15.3461315597619,10.1512693217206,1.81972799027412,1.3300118616356,-3145.14528215787
0.297042496757802,0.309552607653196,14.2437913671251,9.95791554241738,2.06870519033523,1.44572361243404,-3143.81548518264
0.294449710139223,0.324235043822782,14.9231970350609,9.87875359347356,2.02456015650394,1.4036951255931,-3143.70676577541
0.306686845688684,0.310669849927145,14.8553259533868,10.4088441066071,1.90541874031316,1.51249564305785,-3145.6522432163
0.299428839649519,0.296606296895531,14.5241747317971,10.2870848837281,2.00712725534804,1.40191714351926,-3144.59766526854
0.279359761117007,0.291776031818627,13.9686279627638,10.4540390091397,1.9476592948945,1.37410251378031,-3145.2441220603
0.296178189901627,0.318940024621601,14.3857816816074,9.90312965535967,2.0324354785882,1.48601195940628,-3143.78360233872
0.281770196722249,0.307016305527156,13.9885007711741,9.03008726068708,2.03241683554376,1.39598104939874,-3146.46575467669
0.297545042659726,0.317712049947298,13.6554701765751,9.82973010474147,1.80199967016761,1.34973078516367,-3144.7603190596
0.280525875395069,0.301172097840793,14.4336950598649,9.66572585923009,2.04208948814305,1.47203563602688,-3144.90814094368
0.310261197537541,0.308687910702462,14.4879218653095,9.93165244030874,1.98607980219631,1.53386649811689,-3146.09688410246
0.286937379572174,0.325043929323652,14.8587961696656,9.4644164041925,1.97718995215995,1.3556580853763,-3144.13034324495
0.322223765953317,0.310382239187048,14.4414652182058,10.4864822753573,1.89055417791367,1.39245350418016,-3146.20018382854
0.317686875081651,0.350846776407777,14.524284466268,9.63677884520774,1.94254533686791,1.40499593529817,-3147.16500208771
0.277412546122074,0.30117008213456,14.7728428212844,10.3996332265598,2.02003074806425,1.4060797308815,-3144.56218591483
0.296010166451717,0.294229782344889,14.1223026548593,10.304615078023,1.85692965705715,1.46045411100174,-3145.18536974502
0.277099526350635,0.318371297584886,14.8754758712028,11.0247703262863,2.02878360412877,1.66680437294501,-3152.26388083646
0.312022277526195,0.307899466667956,14.5025479750615,10.4300600964263,2.00908871500978,1.26665770041727,-3146.70780139413
0.274100558921425,0.299576846109934,14.7225905264216,10.0083211541396,2.00652988956202,1.33718240340625,-3144.88065965841
0.283518267412861,0.294127320144331,14.2080945245671,10.860205131892,2.19101417474711,1.33154108298423,-3148.45306198777
0.291709311448518,0.296329168720729,14.7939088543032,10.7099023144986,1.87775307026252,1.40489846634418,-3145.47826311936
0.292519823029425,0.317759126980051,14.3846032026111,10.802540542092,2.00407883431045,1.23051802015814,-3146.47466555659
0.290036986867789,0.343657408616232,15.4087800086053,10.1042463138649,2.12566593244369,1.47003087223766,-3147.95074239422
0.284439738161963,0.321187733121464,13.7838840277162,10.3309816735058,1.9153101839192,1.44095865631321,-3143.30254158305
0.287365554393011,0.314614469009555,13.4799912108541,10.1537754544792,2.01135217422991,1.3081206373402,-3145.22311225889
0.300426296466094,0.311947956488748,14.6892895261527,10.3391893494102,2.06524598417404,1.43137998683408,-3144.23970621515
0.271299437509583,0.297136626767818,14.8545168178108,10.0054612114036,1.87386759184274,1.47161679614127,-3145.60066087242
0.308834938885701,0.297787964802109,14.5373204012088,10.6452265885477,1.88823239329284,1.40204997895582,-3145.86174921918
0.287304139191086,0.309825758300348,14.6389369015668,9.61453143339018,1.84558373029133,1.36965464417343,-3143.85374121804
0.286047015234137,0.29916841733572,14.5347443629422,9.29678803393726,1.99036365947056,1.37507825034074,-3145.26925560872
0.314072944072256,0.309714689149706,14.8057515851826,10.3013393909643,2.00975748468711,1.46719161689103,-3145.69954044668
0.314241030382715,0.299681071821285,14.5539760528028,9.87653571719425,2.02319534432047,1.42107604507198,-3145.74617029527
0.303643239838675,0.314449675492007,15.5898476139857,10.5448080609105,1.88977748023206,1.49727526611365,-3147.19593760704
0.294326804878991,0.317295944897456,15.0115494053981,9.52085194946218,2.07455942736009,1.37362455028191,-3145.09018563375
0.293839307677124,0.304463472513936,14.6298826201824,9.42995704830575,1.956294352397,1.36951485552579,-3144.44011059019
0.306686845688684,0.310669849927145,14.8553259533868,10.4088441066071,1.90541874031316,1.51249564305785,-3145.6522432163
0.310261197537541,0.308687910702462,14.4879218653095,9.93165244030874,1.98607980219631,1.53386649811689,-3146.09688410246
0.32859131467067,0.328293805586984,14.190205970532,8.90690120240109,1.9441795813449,1.39500453388166,-3150.43369638075
0.290121794301923,0.308736820475512,13.9912186829963,9.79805979776845,1.95551026380394,1.31659560672001,-3143.83680898882
0.303311248409118,0.294947071292011,14.2073627499665,10.8445415436355,2.0648260547049,1.34679536171582,-3146.82726544768
0.257327328548526,0.304775742471655,15.1821708853052,10.6330076373541,1.85100624393708,1.3663684828541,-3147.64769278495
0.304719377174804,0.306539853683032,14.4292010038478,10.4530805102292,1.84786187180368,1.39082641189635,-3144.4874362092
0.315031380589785,0.324048104278715,14.5237155198811,9.9491529052751,1.80985233474777,1.42117468994965,-3145.2125296822
0.294277059042369,0.311230317975296,14.1477047809396,9.89471151502609,2.02152065636158,1.39324901378029,-3143.09896690505
0.302022933945042,0.326060468181255,14.1080500300104,10.0701396928325,1.91515144398824,1.48501651826002,-3143.81064142091
0.286824351091216,0.314031215884636,13.9971226758471,10.4073381605794,2.02814590845292,1.52164993477207,-3144.65278582253
0.296581808827579,0.323190770767036,15.2354674833617,9.41580771359296,1.67478752406061,1.49858581154522,-3148.97674141525
0.306016817165593,0.305606207169175,13.9618794438038,11.1580661668071,1.9584490556573,1.51634021099681,-3148.05499354904
0.301022441657848,0.301722632593565,15.0736837453226,9.77308890692745,1.98412824342239,1.47661574296414,-3145.84344101359
0.292375175736948,0.307350745283969,14.8750387621483,10.2770470579451,1.76932930653798,1.41777749795457,-3144.75633424239
0.298961622226348,0.286960529520926,14.5152496806354,10.4959283883311,2.00294116079061,1.41926298195005,-3146.25881215411
0.290036986867789,0.343657408616232,15.4087800086053,10.1042463138649,2.12566593244369,1.47003087223766,-3147.95074239422
0.313694797976815,0.323798208224967,14.0700955740954,10.0129368372453,1.98092443919451,1.44886805376103,-3144.48592181706
0.301779191345108,0.31198153899157,14.2630744325656,9.69301367744966,1.96437668177284,1.36744118054828,-3143.54055488747
0.289475910592697,0.325296153189562,14.1077703674338,9.48269451530214,1.86775998586928,1.27644241198899,-3145.09433678756
0.277336775828419,0.280916586190347,14.9914282738699,10.3419489491098,1.96671286180373,1.43127687370295,-3147.72983227807
0.291163272787187,0.330446871250326,14.2890955407821,10.5071923911468,1.92508245983007,1.38063411613217,-3143.20362923429
0.302906641824175,0.323766577621018,14.6194998308297,10.1532253876429,1.88846829176373,1.44842963430484,-3143.59567165463
0.318039619345432,0.29264817539228,14.3387994319971,10.3606133567491,2.15936191678763,1.44493898482412,-3148.85853366825
0.273837746309328,0.318352056425151,14.6552545999035,10.5936430350075,2.00202833765591,1.39156347623577,-3143.94655914941
0.312442714500183,0.318855900357132,13.7595297126194,10.0770263107823,1.81267129273901,1.381132325318,-3145.32139095052
0.277212995403078,0.332784041224466,14.4242590564996,9.59048506520726,2.01167428469234,1.52451252019868,-3145.71739285607
0.301182353368909,0.325270617855731,14.0507096502431,9.47631629182587,1.71503227831291,1.33519673277433,-3146.64433646732
0.276936853707622,0.314094799859508,14.4095216875351,10.6285132544228,2.04357653731551,1.41359115945487,-3143.97024733412
0.294326804878991,0.317295944897456,15.0115494053981,9.52085194946218,2.07455942736009,1.37362455028191,-3145.09018563375
0.295993775232333,0.309358473030913,15.0831648877974,10.0534542754432,2.09739790324232,1.37145492578966,-3145.27646742174
0.318676057296148,0.324236836967967,14.6398829086851,10.1838016611069,1.91728702253424,1.41241265661881,-3145.1036697687
0.276140552916229,0.307549941978085,14.0153953280651,9.72823313988115,2.15355609865153,1.3307286231751,-3145.91785797468
0.301383482664692,0.326137520619723,14.0702847481099,10.9219631255493,1.93561276472997,1.36349213421092,-3144.75086877378
0.289668827715061,0.310677696366225,15.0765586447647,10.1579136280012,2.13923293543387,1.35311834575552,-3145.80209260779
0.301565878382027,0.323011068749902,14.5631075825241,9.45645475258084,1.82109105624874,1.34289592079778,-3144.84635933999
0.295330828410669,0.311741716396211,13.5705476325414,9.71535853424429,1.93872787947593,1.42631433281373,-3144.25203851697
0.296896710546587,0.338625288339247,14.4206177392181,9.72056422176142,1.90552060322231,1.44128519178424,-3143.94827607417
0.27555606243782,0.317149465736137,13.8951203700625,9.43504693291699,1.83548569062335,1.29208825501239,-3145.64257473345
0.295761526588769,0.320803976556849,15.3621821590506,9.94258553944105,1.81745305298557,1.35360967121058,-3144.99240627669
0.287423966867411,0.338751543459928,14.6104360582692,10.2193633354573,1.87854402302795,1.38843107523325,-3143.58050028886
0.276381980620572,0.294284966744557,13.7580433645362,10.2197727981732,1.94480050649628,1.25593744264324,-3147.23785296528
0.290721943126876,0.309390689967467,13.940580089091,9.90868715534634,1.93076382899306,1.5184679602975,-3144.52828674821
0.30279456040285,0.320483002789071,14.2164941827574,9.54433132450026,2.09057474103815,1.41485695589464,-3144.62111713679
0.294326804878991,0.317295944897456,15.0115494053981,9.52085194946218,2.07455942736009,1.37362455028191,-3145.09018563375
0.263037846730573,0.32952035814389,13.548867527324,10.0516041174537,2.03419250106736,1.45163044544874,-3145.9832090445
0.2968115759226,0.306890046540751,14.3303542992243,10.1025549172751,1.91347589730288,1.49634569543808,-3144.05624620741
0.295865387998443,0.305550360381664,14.2067046383266,10.4908343726395,2.05127009950374,1.31707720982994,-3144.78035656046
0.286889818439184,0.313420852825445,14.5753973717992,10.0667366702762,1.89983087142866,1.34142406258767,-3143.16626123795
0.292652741416144,0.297856552476214,13.7134108675535,9.42101471075496,1.82963381996322,1.38637882857244,-3146.02134638124
0.292256914782238,0.289425888566941,14.5442432514046,9.63048326627483,1.88958296885029,1.26829673349411,-3147.31758005309
0.289359875662811,0.299473814455183,14.3365504061961,10.6037759419968,1.96357679091581,1.44308711807938,-3144.39977344121
0.304530724299596,0.302940149954304,14.6485315844876,10.1087688534273,1.97743639731151,1.46592701591262,-3144.62479864759
0.302542382157385,0.314091668876264,13.8935860456245,10.8976237177023,1.8223548475476,1.41689042373684,-3145.66252361995
0.311698687541432,0.337519371819951,14.2904591425472,10.5307591278318,2.04664393666524,1.45141931364686,-3145.65633008097
0.274197644829816,0.327065326054444,14.7592343664965,9.74408684278832,1.98729399201247,1.41739169337059,-3143.69343636301
0.290541344979521,0.327736133013697,14.1558525074875,10.5318632405529,1.82276494960783,1.39057424555026,-3143.8001303315
0.291808535975559,0.324732019123512,13.9342758050079,10.5773196872396,1.93922149589455,1.4039278650109,-3143.38335747389
0.274715931250494,0.302545411783323,13.5754641353134,9.18587912678326,1.84270940301058,1.44243353486365,-3147.64716059901
0.275370937411295,0.311695391873123,15.0706557206506,10.2242469929925,1.84950650783355,1.37321817951368,-3144.37414904151
0.290486503826125,0.314366724681694,14.7993518105128,10.455173230356,1.78053232684178,1.35003934963557,-3144.64772654132
0.30498335358368,0.314029655422343,13.4147225060938,10.3660008220755,1.85696025971822,1.4144173216701,-3145.4094955017
0.292375175736948,0.307350745283969,14.8750387621483,10.2770470579451,1.76932930653798,1.41777749795457,-3144.75633424239
0.276344600207824,0.327310938009311,14.8715562273869,10.511839890305,1.68042455006977,1.40216246705916,-3146.51850896567
0.307259764599234,0.303378732563705,14.367676157511,9.64252159416198,1.9363231376124,1.37779872849952,-3144.5816462987
0.315068570058594,0.295958453014196,14.5029225446169,9.74722321141157,1.69101550633022,1.42246903627819,-3148.89472344971
0.294326804878991,0.317295944897456,15.0115494053981,9.52085194946218,2.07455942736009,1.37362455028191,-3145.09018563375
0.286140693375616,0.310444385663605,14.5029204412401,9.73855500679183,1.96198540340403,1.44271658268794,-3143.25196452939
0.291651819287478,0.303416456098812,14.6153398020504,9.69403102361482,1.97716133483442,1.4126271609227,-3143.79499057327
0.304798061657883,0.320135163448539,14.0985371876957,10.0908989815022,1.9718360390238,1.48350406160291,-3143.93471654958
0.293286619029614,0.330597442752186,14.6346904448309,10.0606690021819,1.90722643376481,1.57085020970803,-3145.89903038684
0.298950405727606,0.323491674701287,14.1432471922813,9.86022602310799,1.88246765415883,1.35979603572707,-3143.23981811244
0.303269216162264,0.320301450832379,13.9239706797551,10.345090018721,2.11145789363524,1.45734866694192,-3145.0802027233
0.318676057296148,0.324236836967967,14.6398829086851,10.1838016611069,1.91728702253424,1.41241265661881,-3145.1036697687
0.300547990650581,0.299343559691264,15.3491110169502,9.35402093850947,2.04024620002658,1.49488149016356,-3149.28717593338
0.291013709890516,0.295971312064568,14.8635089073898,10.4118090608948,1.88930215053637,1.4004508310956,-3144.91421549017
0.290541344979521,0.327736133013697,14.1558525074875,10.5318632405529,1.82276494960783,1.39057424555026,-3143.8001303315
0.305340845206602,0.332258913025025,15.0285335591124,9.71831957494942,1.76839897123426,1.37619406621101,-3145.74092996393
0.276232934626271,0.315685925760495,14.1417094182529,10.0683455435361,2.04189446998047,1.39396140215009,-3143.20340087913
0.277412546122074,0.30117008213456,14.7728428212844,10.3996332265598,2.02003074806425,1.4060797308815,-3144.56218591483
0.280671813317538,0.318234843127527,14.1098766601611,10.7359724894254,1.80430366378405,1.41368715072617,-3144.54811993435
0.270239614758393,0.325464252040289,13.5880366885559,9.83990870531286,1.8696154899156,1.44960610171197,-3144.76022177793
0.309020650212838,0.303531669580334,14.4751162475057,9.87106715623768,2.07264839288552,1.42747494660659,-3145.16865659035
0.30378141162523,0.303216892295137,13.9159496924592,9.78623729256599,1.9224534223431,1.40936071190946,-3144.30294600555
0.30279456040285,0.320483002789071,14.2164941827574,9.54433132450026,2.09057474103815,1.41485695589464,-3144.62111713679
0.317754521044386,0.313546897887302,15.2965927815055,10.4719999732544,1.59570916735996,1.52626944972668,-3152.32466753368
0.300426296466094,0.311947956488748,14.6892895261527,10.3391893494102,2.06524598417404,1.43137998683408,-3144.23970621515
0.300426296466094,0.311947956488748,14.6892895261527,10.3391893494102,2.06524598417404,1.43137998683408,-3144.23970621515
0.292102480465873,0.305884650449329,15.7113682773766,9.93144101056231,2.09771946203727,1.39184225413938,-3147.92095652065
0.284769367350686,0.307271849856779,14.7000969047767,10.1167672190823,2.08845911121525,1.44364153882816,-3144.2372185804
0.286470334742634,0.313173191061928,14.4371389550779,10.2281936881223,1.98361240564303,1.38500579071115,-3142.77273485371
0.308991273338429,0.323446392719523,14.6702564446198,9.96213503516261,1.76111616084893,1.34640008240374,-3145.50978107056
0.298427437372076,0.339147220757826,14.4565779682278,9.44912328874011,1.8740976686529,1.32020674156251,-3145.20328339294
0.283518267412861,0.294127320144331,14.2080945245671,10.860205131892,2.19101417474711,1.33154108298423,-3148.45306198777
0.312275045514308,0.30799315494222,13.6288087850137,9.94327690907024,1.78948689614361,1.34669064907319,-3146.56515010421
0.288937520471472,0.298745729428485,14.2514158471787,9.86012822715382,1.97558253252931,1.56161379380256,-3146.52529867295
0.268021778027524,0.30902252878012,14.2359706053228,10.0363477325848,2.21108600922085,1.36321748623737,-3146.74294891469
0.283548946520575,0.312763426230591,13.5741635149852,10.1760943766568,1.81866432707558,1.4159494350403,-3144.34610970712
0.29715760767101,0.299046568087296,14.2005022536412,10.1994739761276,1.88634704738831,1.58207886078788,-3147.20086520211
0.286937379572174,0.325043929323652,14.8587961696656,9.4644164041925,1.97718995215995,1.3556580853763,-3144.13034324495
0.283300341670751,0.301418304269418,14.4451812653459,11.1088947790201,1.88794752651066,1.46700920257703,-3146.41116701003
0.304530724299596,0.302940149954304,14.6485315844876,10.1087688534273,1.97743639731151,1.46592701591262,-3144.62479864759
0.310411241755046,0.303961898551724,14.6588555934238,10.5965298452452,1.99169565203945,1.51293037016819,-3146.60819024338
0.304200706807964,0.321290949843194,14.9880055762827,10.5498435522438,1.85124958402656,1.3496062068729,-3145.02738845279
0.301565878382027,0.323011068749902,14.5631075825241,9.45645475258084,1.82109105624874,1.34289592079778,-3144.84635933999
0.286813593194076,0.298957048828844,13.6058272407855,9.21710577569517,1.73704169668447,1.49825027378326,-3150.13813656764
0.305340845206602,0.332258913025025,15.0285335591124,9.71831957494942,1.76839897123426,1.37619406621101,-3145.74092996393
0.304719377174804,0.306539853683032,14.4292010038478,10.4530805102292,1.84786187180368,1.39082641189635,-3144.4874362092
0.288834300660085,0.316741382992741,14.5936041335379,9.51205952531856,1.8789334196679,1.41922927704619,-3143.66213776727
0.287109649385107,0.320495691752397,14.8529145548209,10.6318887250153,1.97165486401885,1.35049638606503,-3144.04158878001
0.311232719094426,0.326957089826193,14.5482019173755,10.1738320855751,1.92351544751247,1.36119587621265,-3144.25003191064
0.30971834927749,0.304879113646021,14.9865204831282,10.0234201634761,1.87384083358471,1.48773145769836,-3145.96885636835
0.294436887528764,0.322572756258744,14.2087533126137,12.1598185948814,1.99076197980405,1.48844048165102,-3152.10478061101
0.299627285981634,0.310878270516426,14.8205344685288,10.022887281723,1.88612044931377,1.25496284583834,-3145.91324466629
0.265235663296712,0.350565870878658,13.692132693459,9.19768933560639,1.95329185882793,1.45699315616442,-3149.11660179347
0.260915969446355,0.322759047916355,14.2404484472803,9.8926061755634,2.03354959531922,1.40969419024502,-3144.53504105802
0.296707065693993,0.323923066454255,14.0570502459639,10.6736703500018,2.02501460866639,1.3587081002436,-3144.05747959461
0.295246881960812,0.334158206243743,13.1728726483259,10.5576453198157,1.90269508754731,1.4066248539493,-3146.33193542658
0.288707490363197,0.303226668879381,15.024363188723,10.0046771526432,1.88872090339088,1.37204562259279,-3144.24748393669
0.284830821845189,0.325059754315883,14.2681552332829,9.8541609667786,2.08637538476579,1.27691043641278,-3144.98603845216
0.299976746439247,0.343100450719681,13.5329418559462,9.82243405446085,1.80030639553114,1.36080027512583,-3146.21638814443
0.292003556854837,0.308867387203231,13.2679386859459,9.82163495485124,1.74360808837039,1.46154854624088,-3147.165480596
0.306754036529387,0.326317033069987,13.8303658925448,9.43858423579334,1.85131491520486,1.46293728225686,-3145.87194369241
0.314241645893863,0.328244540292461,14.4923045405393,9.9415999434067,1.92859580132638,1.37289151020645,-3144.48421037501
0.27791203497244,0.316424649887342,14.1799959014803,9.95221174469303,2.0117085276577,1.44939785998456,-3143.13153768185
0.307286514796195,0.308013779694256,13.9616509792916,9.83320161242742,1.89677314869343,1.47428996677942,-3144.81936971369
0.282551160774356,0.31081702414508,14.1524066396089,9.90458289832304,2.02801303047318,1.29695595006515,-3144.2062161155
0.283560749720054,0.318761479629297,15.6283386072184,10.4275289176734,1.8572793439264,1.42508383644939,-3145.57968762081
0.314241645893863,0.328244540292461,14.4923045405393,9.9415999434067,1.92859580132638,1.37289151020645,-3144.48421037501
0.272971414294223,0.335917369670902,13.6727617979516,11.1469148848292,1.87382343104653,1.27048432835385,-3147.95970594998
0.302055488369448,0.304330077210021,13.8572057498848,9.68170055311714,1.78482467362394,1.46012432460913,-3145.93522298071
0.299646842958642,0.302824600020033,14.7338333640314,9.64531076014794,1.87568249954402,1.51802986588711,-3146.24331088825
0.293410411831745,0.314017339344067,14.4602045582796,10.1556590010985,1.99140619001312,1.48027588030241,-3143.39965717886
0.307286514796195,0.308013779694256,13.9616509792916,9.83320161242742,1.89677314869343,1.47428996677942,-3144.81936971369
0.284884638144482,0.319548414906511,13.0147391267699,10.0912225999152,1.99017715934724,1.35641912780106,-3146.85141042445
0.276140552916229,0.307549941978085,14.0153953280651,9.72823313988115,2.15355609865153,1.3307286231751,-3145.91785797468
0.292946919208755,0.307507617466348,14.7604213370368,9.3824945552323,1.99879977224891,1.33825081155761,-3144.91514474262
0.298969161641066,0.314094136085702,16.0424966468091,10.3703940018205,1.81759871743415,1.36488337981797,-3147.49313179844
0.269973415301194,0.322887320651725,14.0561700302486,9.88180743767152,1.75153793906195,1.3465577862627,-3145.32136752497
0.289004892502057,0.326705332224283,15.3461315597619,10.1512693217206,1.81972799027412,1.3300118616356,-3145.14528215787
0.303110715974347,0.326980155615825,14.7906854174984,10.0188289373455,1.97983612116983,1.2896530469734,-3144.97582476258
0.285842085309639,0.324274175783641,14.6212489088561,10.2077962837341,1.90801235078125,1.36612263275288,-3142.90052444575
0.309020650212838,0.303531669580334,14.4751162475057,9.87106715623768,2.07264839288552,1.42747494660659,-3145.16865659035
0.299051945028342,0.292901513892053,13.9125568889148,9.4176200230385,1.96920198257883,1.29768245380219,-3146.90947208377
0.306608030573602,0.31624217379127,13.986643711389,10.3463607492352,1.80804150292876,1.5135373174615,-3145.79317943739
0.291778185414908,0.338093058924401,14.3898186437276,9.40846254592204,2.03953150009692,1.40669597091726,-3144.6490081569
0.283548946520575,0.312763426230591,13.5741635149852,10.1760943766568,1.81866432707558,1.4159494350403,-3144.34610970712
0.260915969446355,0.322759047916355,14.2404484472803,9.8926061755634,2.03354959531922,1.40969419024502,-3144.53504105802
0.282709002323833,0.313257177205454,14.3578953767537,10.1308998703079,1.800251973305,1.41276822346909,-3143.55010872802
0.300224115868912,0.325761251159313,14.1227405342007,10.2427423968236,1.87621177147001,1.42765455770757,-3143.30089287108
0.302833876580275,0.313167555080218,14.1345566458632,10.0605194779521,1.95003408847516,1.37811481010683,-3143.25679136851
0.300420311527498,0.328677329964089,13.9854309458843,10.1958190380599,1.72322781926207,1.38961656716368,-3145.4790265973
0.294449710139223,0.324235043822782,14.9231970350609,9.87875359347356,2.02456015650394,1.4036951255931,-3143.70676577541
0.274100558921425,0.299576846109934,14.7225905264216,10.0083211541396,2.00652988956202,1.33718240340625,-3144.88065965841
0.309564168200699,0.334722505116262,13.4168215003164,9.79084857436984,1.88512711673549,1.35673856852563,-3146.10112610658
0.308991273338429,0.323446392719523,14.6702564446198,9.96213503516261,1.76111616084893,1.34640008240374,-3145.50978107056
0.304857036001838,0.314468431882818,13.4304407577967,11.063613013087,2.08502656693278,1.45449269393863,-3148.71155857286
0.289272325505479,0.289110109096691,14.2242958600913,9.27529041173886,1.95553943877636,1.3785384449381,-3146.47249531602
0.302175787060361,0.324011697428971,14.7490221594194,9.93800272246388,1.96492804902965,1.4413545420851,-3143.61024733875
0.268021778027524,0.30902252878012,14.2359706053228,10.0363477325848,2.21108600922085,1.36321748623737,-3146.74294891469
0.274642022953086,0.316821812120136,13.7225901538977,10.6142341662976,1.83759633920553,1.51778662574955,-3145.96131155838
0.298931518429388,0.318950050796859,14.3218405789679,9.64683123204809,2.01082809372192,1.45452383618186,-3143.76226425924
0.310921730366504,0.326220215514739,14.2590274557583,11.1506769274874,2.06665636510896,1.19285275312443,-3150.24120644186
0.306771613387586,0.316372598311355,14.6133324640017,10.8174826383642,2.00423380036364,1.39431542803125,-3145.03125611085
0.299180410718213,0.313506276856882,15.9760477679437,10.1669888888988,1.68048542079789,1.4013075804798,-3148.02056219994
0.297545042659726,0.317712049947298,13.6554701765751,9.82973010474147,1.80199967016761,1.34973078516367,-3144.7603190596
0.285645536695186,0.303744356799192,14.6065629681995,10.0391567270123,1.81041440271464,1.43578022654265,-3144.14087938582
0.269973415301194,0.322887320651725,14.0561700302486,9.88180743767152,1.75153793906195,1.3465577862627,-3145.32136752497
0.321074351463064,0.324075491028915,14.4362484937621,9.87523133523278,1.74548057702382,1.47040406086417,-3147.51437464207
0.30498335358368,0.314029655422343,13.4147225060938,10.3660008220755,1.85696025971822,1.4144173216701,-3145.4094955017
0.302542382157385,0.314091668876264,13.8935860456245,10.8976237177023,1.8223548475476,1.41689042373684,-3145.66252361995
0.273412046574676,0.335794760788824,14.4896960165932,10.0840118346876,1.95765933135821,1.41664462612217,-3143.47791701132
0.296596094306294,0.315034192202119,14.2765744982817,10.3001063888381,1.98869759784028,1.30294515956075,-3143.94487071089
0.315990248688838,0.325067886289092,14.45316553089,10.3561444849126,2.08442566031482,1.35186327586593,-3145.75446293128
0.276748666483524,0.307253706050589,14.4241647055945,10.2074799172996,1.95421987185707,1.2366220408184,-3146.05233010243
0.290301070393255,0.325528675713733,14.0053065186795,9.94031997949303,2.15968328133711,1.32327749925581,-3145.34308684099
0.305943927785362,0.306519439394271,14.3343798230909,9.95629682150878,2.1075155201222,1.3085672467756,-3145.75751759281
0.304947843211192,0.327353309392077,14.2101877737131,9.86735078878562,1.9557455020607,1.34344313152883,-3143.69996683267
0.268128680626127,0.323093537270058,14.511167936816,9.77211038824442,1.9451999679908,1.44973445766032,-3143.90415454213
0.280525875395069,0.301172097840793,14.4336950598649,9.66572585923009,2.04208948814305,1.47203563602688,-3144.90814094368
0.273605119225448,0.337368715839617,14.7811399335231,9.18789397793353,2.09554436362772,1.36348664129616,-3146.93728418681
0.300237461956224,0.311838338527179,14.2151021721663,10.0412265178346,1.95514352933004,1.46993270676604,-3143.50965686669
0.285193946299048,0.328591844602571,14.3202864890914,10.3891116636004,2.00965530334634,1.27544038542719,-3144.5946539085
0.292153328666644,0.316450106665829,14.3325074991833,9.9838212892373,1.9841110668562,1.40712024342735,-3142.59877359607
0.295898470079541,0.306802282990264,14.4988699121998,10.4266418962114,1.81268338609338,1.31696097809989,-3144.94026579957
0.289554969163255,0.319753153683441,13.9611309694102,9.45614278596531,1.88047135678305,1.37741637890592,-3143.75740041016
0.310223659869174,0.341829629123167,14.0600653573749,10.0963487346205,1.92184319394637,1.45111605327217,-3145.03200363442
0.320085984716382,0.337522717662486,14.9678092996536,10.2117251169162,1.99913465203134,1.37183649051362,-3146.77184069311
0.308773855369087,0.316531951616405,14.6962415120898,10.2946386349689,1.99634195636255,1.53071920504132,-3145.75801844412
0.297528605560917,0.329589943293918,14.5845168862172,9.52645770334434,1.84154115283741,1.39180844449766,-3144.14808575957
0.29936373252607,0.307887083218994,14.3335615441855,10.4016987332439,1.6613595503424,1.45518259666551,-3147.32927125291
0.30378141162523,0.303216892295137,13.9159496924592,9.78623729256599,1.9224534223431,1.40936071190946,-3144.30294600555
0.305943927785362,0.306519439394271,14.3343798230909,9.95629682150878,2.1075155201222,1.3085672467756,-3145.75751759281
0.290121794301923,0.308736820475512,13.9912186829963,9.79805979776845,1.95551026380394,1.31659560672001,-3143.83680898882
0.300529981411528,0.285445845306553,14.7857579672544,10.1230657192018,2.08942512297174,1.33306789366496,-3147.76084032475
0.269013697591362,0.318252909500034,13.7115937960667,10.4269239546466,1.90393692473601,1.47879505295447,-3144.86762707012
0.284884638144482,0.319548414906511,13.0147391267699,10.0912225999152,1.99017715934724,1.35641912780106,-3146.85141042445
0.277751759438484,0.295574582871819,14.6695727301255,9.98917296355289,1.93803246666834,1.26079823354429,-3146.52581837596
0.281477318542817,0.30419512634941,14.2287988406636,10.3300171007523,1.92383773851576,1.53805070725089,-3145.12761450405
0.293080392331212,0.301173832342818,14.5984060763864,9.96112822708047,1.79035915128679,1.39664003847635,-3144.58738557467
0.286047015234137,0.29916841733572,14.5347443629422,9.29678803393726,1.99036365947056,1.37507825034074,-3145.26925560872
0.309095240715687,0.314093273967572,14.7044388648154,10.0805011584552,2.06871268688364,1.38339201656885,-3144.70784369509
0.285468324658805,0.301511003383965,14.5767118447306,9.81920680016525,2.00949858241757,1.38348050061119,-3143.80240394579
0.306169126956188,0.319570771497177,14.1735233460982,10.4470758554081,2.2293949838886,1.29276058547518,-3148.25539962379
0.289794752522332,0.304532211420351,14.5512071039383,10.0329604476877,1.92942788689238,1.49736161869366,-3144.14418578936
0.282799995907505,0.308964417340862,14.8399334017016,10.46567718488,1.85975799230079,1.39614632428943,-3143.9710501075
0.277787498016581,0.315679849783232,14.0162995731581,9.73750175556187,1.60822626280289,1.45162908070489,-3148.69178078563
0.32568219251918,0.323640047649969,14.174756051955,9.3922400633429,1.9133363333668,1.37386637852331,-3147.13864906818
0.301565878382027,0.323011068749902,14.5631075825241,9.45645475258084,1.82109105624874,1.34289592079778,-3144.84635933999
0.315031380589785,0.324048104278715,14.5237155198811,9.9491529052751,1.80985233474777,1.42117468994965,-3145.2125296822
0.318039619345432,0.29264817539228,14.3387994319971,10.3606133567491,2.15936191678763,1.44493898482412,-3148.85853366825
0.306258516136956,0.325165704629261,14.5673344042142,10.1996368908893,1.77620888208036,1.25875709446943,-3146.8351873224
0.307286514796195,0.308013779694256,13.9616509792916,9.83320161242742,1.89677314869343,1.47428996677942,-3144.81936971369
0.306575006887093,0.315818202804902,14.7047867481075,10.5713172841953,2.11485912945494,1.35984796875769,-3145.70117926903
0.299044134102642,0.31507503025021,13.580833636324,10.1326358470427,1.93712324197964,1.37132281540368,-3144.02009675401
0.309184277931878,0.316738573619923,14.6288627197804,10.6989620547168,2.03715050140611,1.39218268711539,-3145.15083958628
0.290486503826125,0.314366724681694,14.7993518105128,10.455173230356,1.78053232684178,1.35003934963557,-3144.64772654132
0.311311735751798,0.303342981059471,14.0781248392972,10.1306451489647,1.83185306022397,1.42703356321103,-3145.27989920875
0.274642022953086,0.316821812120136,13.7225901538977,10.6142341662976,1.83759633920553,1.51778662574955,-3145.96131155838
0.304086014010595,0.316681046754451,14.274533921297,10.4838888100681,1.97997185473619,1.32636294408703,-3144.18828998239
0.275729657083746,0.323186673669829,13.9910101627021,10.4244552186631,1.96414719836525,1.32299751820763,-3143.8749894467
0.323122790593901,0.340338301067431,13.4750067447192,9.40087022358826,2.11949924632584,1.40045446386635,-3150.74524595271
0.2945019979769,0.331069198141754,14.276539682526,10.0942674605808,2.03061499818817,1.3221304421016,-3143.74588795813
0.29007312395306,0.317402976604641,14.2776528904082,9.53011877529356,1.95451955499338,1.37424915921024,-3143.19306878354
0.310385870756218,0.325069413589199,14.3300066622107,10.7974447454949,2.08668967963903,1.30461905880883,-3146.5545759487
0.288359039561447,0.301441716921247,14.139374951621,9.84850729110672,1.88734465807245,1.28438415967908,-3145.02655773116
0.304352554448913,0.305624812506501,14.7228092570626,9.45680626318177,1.91347214663653,1.43671772286444,-3145.27083765999
0.300657516687389,0.334016883738573,15.483622792502,10.5510404193216,2.00564742083241,1.3048919285894,-3147.43669785819
0.284325601644863,0.319838025049178,14.3803691115566,10.7042967036769,2.03840788609567,1.32878824284306,-3144.20365076464
0.317686875081651,0.350846776407777,14.524284466268,9.63677884520774,1.94254533686791,1.40499593529817,-3147.16500208771
0.304381874826527,0.309650725837589,14.8875689830791,10.0193054531606,1.84205297396309,1.44402397351827,-3144.58082135985
0.294326804878991,0.317295944897456,15.0115494053981,9.52085194946218,2.07455942736009,1.37362455028191,-3145.09018563375
0.310861853563939,0.301172131050344,15.5226295995025,9.59719071773783,2.02605214196612,1.3009475994966,-3149.23012635426
0.307286514796195,0.308013779694256,13.9616509792916,9.83320161242742,1.89677314869343,1.47428996677942,-3144.81936971369
0.281770196722249,0.307016305527156,13.9885007711741,9.03008726068708,2.03241683554376,1.39598104939874,-3146.46575467669
0.302947717557606,0.320756647060561,14.033053771717,10.4910978319908,1.91571102769832,1.32752612044549,-3144.16936307333
0.303643239838675,0.314449675492007,15.5898476139857,10.5448080609105,1.88977748023206,1.49727526611365,-3147.19593760704
0.309095240715687,0.314093273967572,14.7044388648154,10.0805011584552,2.06871268688364,1.38339201656885,-3144.70784369509
0.287103014413638,0.294826325322722,14.3608143060862,10.0121106055273,2.01152862663375,1.34005053185244,-3144.62041356546
0.275686466329058,0.307792629479209,14.0423818443294,10.3462765355503,1.87679863099818,1.48194412955241,-3144.27435367062
0.303311248409118,0.294947071292011,14.2073627499665,10.8445415436355,2.0648260547049,1.34679536171582,-3146.82726544768
0.288834300660085,0.316741382992741,14.5936041335379,9.51205952531856,1.8789334196679,1.41922927704619,-3143.66213776727
0.295786818086793,0.324100814946832,14.8712042348285,10.4260670291804,1.88084419410352,1.40041685450992,-3143.6727006347
0.305035369996061,0.316725088588395,14.1489521077892,9.97623992500251,2.17971773503467,1.32549086461669,-3146.20850630963
0.280887772807894,0.334840755791603,14.8639556586915,9.94628667755765,2.02640880823725,1.43165049049319,-3144.00118748699
0.281477318542817,0.30419512634941,14.2287988406636,10.3300171007523,1.92383773851576,1.53805070725089,-3145.12761450405
0.309557411386579,0.304751044552095,13.8942322210965,9.49273329646149,2.02960941490295,1.39928824041276,-3145.71322312521
0.289004892502057,0.326705332224283,15.3461315597619,10.1512693217206,1.81972799027412,1.3300118616356,-3145.14528215787
0.290857698408237,0.318902591197071,14.0082163940034,9.69297088851834,1.84510474835687,1.41401356356727,-3143.41625075058
0.279140353392246,0.308122228551377,15.1717221672848,11.1391903001331,1.91575814308948,1.5534622843298,-3149.13761195244
0.294063867104056,0.30593070939195,13.6267951521687,9.76656405809508,1.90800393417638,1.36055567803992,-3144.3528954682
0.286135748038602,0.306321635507474,14.5350415277505,10.0794179944,1.95364227926281,1.33924243844859,-3143.45601630265
0.288006283181944,0.315858446716207,13.8893658965425,9.78528904629135,1.87509396446932,1.42297216278821,-3143.24022862892
0.290486503826125,0.314366724681694,14.7993518105128,10.455173230356,1.78053232684178,1.35003934963557,-3144.64772654132
0.307293597318194,0.301045368524756,13.7775650305283,9.97444053864056,2.03567245406526,1.41833739051234,-3145.33851485776
0.296357080493231,0.311201103036716,14.4289296777749,9.82899066610426,1.96713255197827,1.4641250419137,-3143.48466654625
0.319235549512039,0.320855999107531,15.1630015383813,10.2922771801966,1.9502119396117,1.32400732992141,-3146.95768026221
0.294704408882391,0.351396171205714,14.8104783127972,9.23272868529346,1.93203925455797,1.46447558275057,-3147.86691974723
0.311311735751798,0.303342981059471,14.0781248392972,10.1306451489647,1.83185306022397,1.42703356321103,-3145.27989920875
0.286047015234137,0.29916841733572,14.5347443629422,9.29678803393726,1.99036365947056,1.37507825034074,-3145.26925560872
0.271299437509583,0.297136626767818,14.8545168178108,10.0054612114036,1.87386759184274,1.47161679614127,-3145.60066087242
0.287365554393011,0.314614469009555,13.4799912108541,10.1537754544792,2.01135217422991,1.3081206373402,-3145.22311225889
0.287927069727102,0.31648836186768,13.1996799321304,10.4664549346304,1.86084232379764,1.46950508670851,-3146.04245095255
0.289041308783943,0.296612116357138,13.3293011600842,10.6364503471417,2.03874061533721,1.50077851595443,-3148.32799309821
0.309564168200699,0.334722505116262,13.4168215003164,9.79084857436984,1.88512711673549,1.35673856852563,-3146.10112610658
0.305643547336021,0.31339023840384,14.5831148662075,11.4492958465368,2.0589270702039,1.42975454188169,-3148.12510075878
0.29077115720042,0.314294380797239,14.3609659910801,10.1824516290073,2.10992669239348,1.4131827809334,-3143.72013557032
0.305660871898546,0.317455466792829,14.7689712547615,10.6315777560556,1.95737009972338,1.37809767851162,-3144.52327418751
0.283518267412861,0.294127320144331,14.2080945245671,10.860205131892,2.19101417474711,1.33154108298423,-3148.45306198777
0.309557411386579,0.304751044552095,13.8942322210965,9.49273329646149,2.02960941490295,1.39928824041276,-3145.71322312521
0.27555606243782,0.317149465736137,13.8951203700625,9.43504693291699,1.83548569062335,1.29208825501239,-3145.64257473345
0.286165217964552,0.278502696216065,14.2727584250478,9.98455492535691,1.74241977425323,1.48800110669264,-3149.39933043525
0.299044134102642,0.31507503025021,13.580833636324,10.1326358470427,1.93712324197964,1.37132281540368,-3144.02009675401
0.300427664580645,0.321103714578922,13.4535381777736,10.1345505258984,1.93028850549068,1.51591550675848,-3145.65004767881
0.313632243243123,0.289488644184254,13.7464992472116,10.5656856499984,1.97619892604316,1.36132639754717,-3147.88129091707
0.305943927785362,0.306519439394271,14.3343798230909,9.95629682150878,2.1075155201222,1.3085672467756,-3145.75751759281
0.289359875662811,0.299473814455183,14.3365504061961,10.6037759419968,1.96357679091581,1.44308711807938,-3144.39977344121
0.310222137282242,0.308336403208882,14.338476596096,10.080561210948,1.99907324425843,1.41721086612425,-3144.20814337458
0.301372165055343,0.336443905433619,13.577202118743,10.5139267680923,1.80872595909327,1.60983191477418,-3149.78907370642
0.295993775232333,0.309358473030913,15.0831648877974,10.0534542754432,2.09739790324232,1.37145492578966,-3145.27646742174
0.283717185226902,0.292638954714414,13.8552743193805,10.7557733642778,2.09872425219694,1.41643697051085,-3146.98842378298
0.281477318542817,0.30419512634941,14.2287988406636,10.3300171007523,1.92383773851576,1.53805070725089,-3145.12761450405
0.306087345968699,0.286207721426687,14.4844289923397,9.47105936767769,2.0621861273101,1.49068881265658,-3148.92909055348
0.290891744433497,0.311982253345642,14.0496072605101,10.31625498941,1.86752147372755,1.4025790997693,-3143.18913668325
0.286994099522232,0.315602413126257,13.7392047944348,10.3342407265103,2.14874466092073,1.46656045901633,-3145.77950122493
0.303617411785941,0.336192952458256,14.2821771397741,10.2365484334458,1.96548542814937,1.41396016183652,-3143.70454866229
0.297395582390686,0.304239463459077,13.987880105361,10.6433947493139,1.96715318636983,1.33645987020672,-3144.69353434996
0.282185371892403,0.311972699552731,14.8048518510292,9.95086344879873,1.8970749636659,1.29281846266225,-3144.46539214493
0.314241030382715,0.299681071821285,14.5539760528028,9.87653571719425,2.02319534432047,1.42107604507198,-3145.74617029527
0.298757691877944,0.304532122318757,14.7949850355357,10.3044040213617,2.09639682722375,1.32123900986754,-3145.67749794289
0.292119837765407,0.290774169384335,15.0794491253282,9.6567558951593,1.88821358346714,1.43558378239568,-3146.34986531
0.283749990558479,0.299165945862789,14.180601088191,9.67700758357331,1.75021198116204,1.46957588913981,-3146.26696197429
0.260915969446355,0.322759047916355,14.2404484472803,9.8926061755634,2.03354959531922,1.40969419024502,-3144.53504105802
0.295898470079541,0.306802282990264,14.4988699121998,10.4266418962114,1.81268338609338,1.31696097809989,-3144.94026579957
0.30868435782883,0.301948938970871,13.9087412191747,10.5032175099662,1.98972066567568,1.44771538426107,-3145.44171565292
0.296440875392764,0.336629094230808,14.9729734239654,10.3796970603471,1.88706413259133,1.41324836365943,-3144.33757681863
0.289554969163255,0.319753153683441,13.9611309694102,9.45614278596531,1.88047135678305,1.37741637890592,-3143.75740041016
0.282704360790218,0.318996911110727,14.725047042438,10.9395416268592,1.90145141015496,1.44215432895755,-3144.78240895569
0.30971834927749,0.304879113646021,14.9865204831282,10.0234201634761,1.87384083358471,1.48773145769836,-3145.96885636835
0.281034289662723,0.301690661974987,15.3651947293017,9.84583527535559,1.80274868167821,1.42716142735331,-3145.80572516372
0.306564936546692,0.347492522608093,15.9768758673607,9.54470709772461,1.90807816331928,1.32391007814796,-3150.18721405083
0.290301070393255,0.325528675713733,14.0053065186795,9.94031997949303,2.15968328133711,1.32327749925581,-3145.34308684099
0.286859687924324,0.312752123772908,13.8849046874495,10.1235525942477,1.95166026718811,1.3799926014189,-3142.96592725392
0.309564168200699,0.334722505116262,13.4168215003164,9.79084857436984,1.88512711673549,1.35673856852563,-3146.10112610658
0.293080392331212,0.301173832342818,14.5984060763864,9.96112822708047,1.79035915128679,1.39664003847635,-3144.58738557467
0.303269216162264,0.320301450832379,13.9239706797551,10.345090018721,2.11145789363524,1.45734866694192,-3145.0802027233
0.2982386236355,0.325229965503897,14.0504327497179,9.78618936712238,1.85263304248543,1.41905546901307,-3143.46937151384
0.325959786475955,0.321088345422753,15.6108048247386,10.9595137417605,1.94590585898699,1.35329622756997,-3150.64324372497
0.309053958698589,0.303393680182575,14.0478761851082,9.67664565962225,1.97394326751497,1.35655673546486,-3144.94946894071
0.292411356837208,0.309597324101722,14.4859350340625,10.9841583142997,1.82806414122959,1.59345009965005,-3148.85592743485
0.292519823029425,0.317759126980051,14.3846032026111,10.802540542092,2.00407883431045,1.23051802015814,-3146.47466555659
0.291651819287478,0.303416456098812,14.6153398020504,9.69403102361482,1.97716133483442,1.4126271609227,-3143.79499057327
0.301779191345108,0.31198153899157,14.2630744325656,9.69301367744966,1.96437668177284,1.36744118054828,-3143.54055488747
0.316533418987597,0.313631917267057,13.7986621073434,11.2900162569818,1.99132563848692,1.40296663494724,-3148.28506120301
0.288644000171029,0.307819350455219,14.2734644340699,9.87653486492134,1.83386319444117,1.31300581954086,-3144.2509898893
0.308773855369087,0.316531951616405,14.6962415120898,10.2946386349689,1.99634195636255,1.53071920504132,-3145.75801844412
0.287306959728707,0.321471055733037,13.936758462715,10.0123385278577,1.86477897734734,1.36957106201569,-3143.04809278076
0.3173627738112,0.327864157343999,14.7706499391914,9.62687405426836,2.05429825969375,1.17567621498298,-3151.51424012147
0.279987498995213,0.303841686944353,14.2697991807704,10.5361438181152,1.86907096379134,1.30587525763842,-3144.90176418311
0.284439622089202,0.31084678963393,14.3058623003898,10.9991648214271,2.04984592862613,1.54043365201732,-3146.98334683209
0.292946919208755,0.307507617466348,14.7604213370368,9.3824945552323,1.99879977224891,1.33825081155761,-3144.91514474262
0.286994099522232,0.315602413126257,13.7392047944348,10.3342407265103,2.14874466092073,1.46656045901633,-3145.77950122493
0.276936853707622,0.314094799859508,14.4095216875351,10.6285132544228,2.04357653731551,1.41359115945487,-3143.97024733412
0.303269216162264,0.320301450832379,13.9239706797551,10.345090018721,2.11145789363524,1.45734866694192,-3145.0802027233
0.294063867104056,0.30593070939195,13.6267951521687,9.76656405809508,1.90800393417638,1.36055567803992,-3144.3528954682
0.301383482664692,0.326137520619723,14.0702847481099,10.9219631255493,1.93561276472997,1.36349213421092,-3144.75086877378
0.300534952976027,0.321789496102577,13.5249243773303,10.425830005812,2.02566590909917,1.37481542824109,-3144.97503652347
0.299627285981634,0.310878270516426,14.8205344685288,10.022887281723,1.88612044931377,1.25496284583834,-3145.91324466629
0.293974810083179,0.318303726669838,14.0679463539399,9.3732174392685,1.94147264523756,1.23823449597846,-3146.38085735864
0.295833588334553,0.310297372501306,14.1548275468238,9.84215185739121,1.96227548520578,1.43673340876359,-3143.16405781603
0.3064497575109,0.335285690206871,13.7809131778328,10.1107278764942,1.94500701962913,1.49860937203105,-3145.24115513505
0.301022441657848,0.301722632593565,15.0736837453226,9.77308890692745,1.98412824342239,1.47661574296414,-3145.84344101359
0.298501233517155,0.314964187158811,14.1877669494697,10.3239257684869,1.93047120274737,1.31736287222052,-3143.75448442258
0.286565521620886,0.322115657656422,14.5750476931964,10.0573962666504,1.90946184388555,1.40263852346031,-3142.62079714012
0.289343361499082,0.320754416608605,14.3605768022621,10.0395936814175,2.12986897668709,1.48529325776683,-3144.53517822621
0.298969161641066,0.314094136085702,16.0424966468091,10.3703940018205,1.81759871743415,1.36488337981797,-3147.49313179844
0.309564168200699,0.334722505116262,13.4168215003164,9.79084857436984,1.88512711673549,1.35673856852563,-3146.10112610658
0.304381874826527,0.309650725837589,14.8875689830791,10.0193054531606,1.84205297396309,1.44402397351827,-3144.58082135985
0.294895449241014,0.317800396646908,14.3350281416115,10.494824215865,2.04641378190756,1.353795875711,-3143.68771752182
0.311306500798902,0.328716786060198,14.4944627242824,10.3031910635105,1.88837758518242,1.37257883127216,-3144.41222784274
0.292003556854837,0.308867387203231,13.2679386859459,9.82163495485124,1.74360808837039,1.46154854624088,-3147.165480596
0.302579901657292,0.315983042050404,14.0406975451304,10.3887243965272,1.97712086651605,1.41359215988968,-3143.49603754205
0.280777112601071,0.283832305004831,14.7322846511997,10.5404162135191,1.76805785540422,1.27782171739686,-3149.39982474289
0.284884638144482,0.319548414906511,13.0147391267699,10.0912225999152,1.99017715934724,1.35641912780106,-3146.85141042445
0.293657911309817,0.294813769694663,14.6151165715565,10.4829820615795,2.03275106217027,1.39702891594596,-3145.11732800248
0.307259764599234,0.303378732563705,14.367676157511,9.64252159416198,1.9363231376124,1.37779872849952,-3144.5816462987
0.292668764595765,0.304835948955665,14.5428360005066,9.38482399179948,1.9409513179246,1.46401585005198,-3145.16187910289
0.283548946520575,0.312763426230591,13.5741635149852,10.1760943766568,1.81866432707558,1.4159494350403,-3144.34610970712
0.270239614758393,0.325464252040289,13.5880366885559,9.83990870531286,1.8696154899156,1.44960610171197,-3144.76022177793
0.292041043199235,0.295398447677161,13.9828539127869,10.8173073438794,1.99212929652336,1.50569465830103,-3146.67664137255
0.276981329011007,0.334666693093746,14.3457631784437,10.2806658388116,2.07809275609128,1.31131621137385,-3144.78400168745
0.27555606243782,0.317149465736137,13.8951203700625,9.43504693291699,1.83548569062335,1.29208825501239,-3145.64257473345
0.299424370935348,0.323381513708719,14.0241614521541,10.4625189948834,2.10863024645503,1.3496699897686,-3144.77370079424
0.318676057296148,0.324236836967967,14.6398829086851,10.1838016611069,1.91728702253424,1.41241265661881,-3145.1036697687
0.293286619029614,0.330597442752186,14.6346904448309,10.0606690021819,1.90722643376481,1.57085020970803,-3145.89903038684
0.285620563081289,0.329084047030066,14.3392791250941,9.44166325845663,1.97480867405038,1.40757956506915,-3143.62780367394
0.271355860856202,0.344124146732531,14.0590663707476,9.66565178373097,2.03258117950832,1.34225509670367,-3145.32824919896
0.278913080779724,0.318659120942543,15.188090011667,10.0709157800798,1.93034681169101,1.34667929052325,-3144.27984525089
0.289549201893392,0.325530846167804,14.3181400258405,9.87097001454987,2.0470693631596,1.48677818924949,-3143.78455099716
0.271227973959103,0.288618716390658,14.2027439409501,10.443524268516,2.03399117725699,1.47843042669113,-3146.78379027887
0.313694797976815,0.323798208224967,14.0700955740954,10.0129368372453,1.98092443919451,1.44886805376103,-3144.48592181706
0.300529981411528,0.285445845306553,14.7857579672544,10.1230657192018,2.08942512297174,1.33306789366496,-3147.76084032475
0.31819224258174,0.312672933545106,14.3721328934548,10.0194185577332,1.90010283854288,1.31834784852049,-3145.69234607534
0.290927952293946,0.341802471289781,14.1056484912822,9.81301444764643,1.9883475367977,1.4049865077418,-3143.69958325419
0.300427664580645,0.321103714578922,13.4535381777736,10.1345505258984,1.93028850549068,1.51591550675848,-3145.65004767881
0.307654001610877,0.314587994011797,15.5505435592988,10.2192079079673,2.18172904879475,1.3781021460951,-3149.24925778239
0.276140552916229,0.307549941978085,14.0153953280651,9.72823313988115,2.15355609865153,1.3307286231751,-3145.91785797468
0.301182305296867,0.322321573575443,14.6204006848385,9.64158255730139,1.97462459075607,1.31571329175568,-3144.26006259801
0.269820359330624,0.36497333223264,14.4214037971369,10.0988855939348,1.8711604724699,1.42624902748379,-3147.73598414811
0.305035369996061,0.316725088588395,14.1489521077892,9.97623992500251,2.17971773503467,1.32549086461669,-3146.20850630963
0.313176086395369,0.308383536703085,13.9915652704009,9.27693712983842,1.87679318787155,1.39070270990147,-3146.40302662908
0.278170326772068,0.302019329565755,13.6775097280072,10.07664128468,1.96297841993686,1.37230592955952,-3144.35812526766
0.278502990977953,0.304763723873634,14.1646313618156,10.3615759291641,2.03117744333946,1.59006692853598,-3147.1367534697
0.300427664580645,0.321103714578922,13.4535381777736,10.1345505258984,1.93028850549068,1.51591550675848,-3145.65004767881
0.288707490363197,0.303226668879381,15.024363188723,10.0046771526432,1.88872090339088,1.37204562259279,-3144.24748393669
0.283717185226902,0.292638954714414,13.8552743193805,10.7557733642778,2.09872425219694,1.41643697051085,-3146.98842378298
0.281770196722249,0.307016305527156,13.9885007711741,9.03008726068708,2.03241683554376,1.39598104939874,-3146.46575467669
0.294916570288147,0.310510395277916,13.8037302810467,9.706587912159,2.02460890932043,1.31279888126718,-3144.68563488559
0.276936853707622,0.314094799859508,14.4095216875351,10.6285132544228,2.04357653731551,1.41359115945487,-3143.97024733412
0.279359761117007,0.291776031818627,13.9686279627638,10.4540390091397,1.9476592948945,1.37410251378031,-3145.2441220603
0.305612010892339,0.310839358114,14.6948857244171,11.6329997674504,1.95099731044258,1.41442144473597,-3148.63617342191
0.299092691018008,0.328371351313831,14.6000800873046,9.91300076978573,2.06691120540263,1.35869331906264,-3143.92204090574
0.302693385291565,0.325934585422863,15.7785134001934,10.0977943138754,1.76526727675993,1.35644732318662,-3146.92230677164
0.303909553920091,0.31818891620408,14.0713667408128,10.3954809686589,1.94589038142534,1.58555226969897,-3146.67563219099
0.306859466400158,0.323266286567683,14.4656275924879,9.20845400889184,2.14450634712151,1.41583881190776,-3147.15855651555
0.306746023951916,0.327392230973641,14.2026066024449,10.0443829311135,1.85883674960854,1.38739036695646,-3143.8046035642
0.291554522982161,0.313394705168641,14.06698966042,9.82776573029011,2.04719698375118,1.42547264618229,-3143.335032614
0.310223659869174,0.341829629123167,14.0600653573749,10.0963487346205,1.92184319394637,1.45111605327217,-3145.03200363442
0.29633404020476,0.334919707964225,14.1822183367907,10.4255444271556,1.87441729610373,1.30181987523346,-3144.63274952457
0.284230066949849,0.302018213545466,14.8419392266316,10.0580207607052,1.76361845457653,1.47092825455225,-3145.48962387358
0.274343825760142,0.309872160051027,14.794608992947,9.80694927049078,1.89160701685837,1.19758173232488,-3148.21631246311
0.315990248688838,0.325067886289092,14.45316553089,10.3561444849126,2.08442566031482,1.35186327586593,-3145.75446293128
0.313165488378931,0.332815530138712,14.6343397430489,10.8800894350206,1.96795313077944,1.47798173673533,-3146.71840321441
0.288644000171029,0.307819350455219,14.2734644340699,9.87653486492134,1.83386319444117,1.31300581954086,-3144.2509898893
0.30462473271223,0.341858648242438,14.2432076897196,10.4324448196588,1.90024786978165,1.48231036290934,-3145.17815468386
0.298427437372076,0.339147220757826,14.4565779682278,9.44912328874011,1.8740976686529,1.32020674156251,-3145.20328339294
0.309020650212838,0.303531669580334,14.4751162475057,9.87106715623768,2.07264839288552,1.42747494660659,-3145.16865659035
0.28059687147315,0.315778064193987,13.9379235258071,9.64534195569799,1.8753541220514,1.31915129348791,-3144.06886707208
0.286474432935357,0.315637568907769,13.9364998676358,9.72121281808485,1.80524057386132,1.41855139532149,-3143.92347491741
0.304661904060158,0.320959700351986,13.7213761219351,9.96351215538145,2.1023044044238,1.41752878369092,-3145.15561751887
0.301847002988942,0.301244978432981,15.4153886415466,11.4503633799979,1.69395651576481,1.49027338770359,-3152.51743987616
0.271656408645502,0.322510863435996,14.0894087058878,10.0280412378977,1.91624152724406,1.43690480181876,-3143.24330786549
0.259816882721078,0.299922545231539,14.6479263537595,10.8181619663216,1.84710890279047,1.32820948914784,-3147.63727900282
0.309564168200699,0.334722505116262,13.4168215003164,9.79084857436984,1.88512711673549,1.35673856852563,-3146.10112610658
0.301085049759716,0.28748099052576,15.264914523966,10.5443854305577,2.0005453798408,1.41750242679056,-3148.0526682589
0.272144249578343,0.322954989217118,14.8951609524718,11.1781509683738,2.13009238937663,1.47093697205099,-3148.38614747393
0.30378141162523,0.303216892295137,13.9159496924592,9.78623729256599,1.9224534223431,1.40936071190946,-3144.30294600555
0.302015445619138,0.333780909671445,15.023472223383,9.64391579003881,1.88931123441259,1.40787031350495,-3144.7511658324
0.313176086395369,0.308383536703085,13.9915652704009,9.27693712983842,1.87679318787155,1.39070270990147,-3146.40302662908
0.300634281939391,0.326076010832501,14.367406509662,10.1466730481152,1.9940218617927,1.37080481807179,-3143.15462795322
0.294798264428889,0.314569938552376,14.375938455411,9.69483666843675,1.83158845545505,1.26215847602043,-3145.52560982579
0.306473719376586,0.343726498345376,13.4621135981503,9.76468316273998,1.82282714283221,1.41218725388674,-3146.68260636455
0.296080542994952,0.310003489452119,14.7519893847247,9.69149972607372,2.00562350090734,1.41826904883804,-3143.85630421157
0.295418897559444,0.32270425517039,14.4682826217262,9.94061935933312,2.05446295838343,1.3166054005644,-3143.9202526386
0.310376408322442,0.309084714223625,14.4274887023871,9.85054955599816,2.08795833664452,1.45253205969605,-3145.3051103592
0.286627747100026,0.330639612544167,14.6340762770982,9.70284834592515,1.81821825774964,1.44856197101254,-3144.08778468524
0.295246881960812,0.334158206243743,13.1728726483259,10.5576453198157,1.90269508754731,1.4066248539493,-3146.33193542658
0.286047015234137,0.29916841733572,14.5347443629422,9.29678803393726,1.99036365947056,1.37507825034074,-3145.26925560872
0.306258516136956,0.325165704629261,14.5673344042142,10.1996368908893,1.77620888208036,1.25875709446943,-3146.8351873224
0.293286619029614,0.330597442752186,14.6346904448309,10.0606690021819,1.90722643376481,1.57085020970803,-3145.89903038684
0.305168614438841,0.320931430655082,14.6703371218647,10.7911003406249,1.89232152396591,1.47077137706949,-3145.27270949015
0.308991273338429,0.323446392719523,14.6702564446198,9.96213503516261,1.76111616084893,1.34640008240374,-3145.50978107056
0.283088385971106,0.317777184425864,14.7591503781713,10.2153142676185,1.98433341055728,1.50395199435333,-3144.04740249759
0.305997433096312,0.334035288408281,15.3791827196727,10.2781310684901,1.95324367493184,1.32446291627819,-3146.42779584379
0.310385870756218,0.325069413589199,14.3300066622107,10.7974447454949,2.08668967963903,1.30461905880883,-3146.5545759487
0.276223293465175,0.313565767666033,13.9507315197555,9.73056028740672,2.0232473575708,1.45257505053504,-3143.93772638122
0.309053958698589,0.303393680182575,14.0478761851082,9.67664565962225,1.97394326751497,1.35655673546486,-3144.94946894071
0.283088385971106,0.317777184425864,14.7591503781713,10.2153142676185,1.98433341055728,1.50395199435333,-3144.04740249759
0.291709736044661,0.316262288803096,13.9254369323401,9.45058453457728,1.8384925274391,1.28109166542467,-3145.53405693081
0.284985081989075,0.338863269922949,14.8924920624944,9.93277694964096,1.69509793330238,1.38327396208523,-3146.15521255484
0.313632243243123,0.289488644184254,13.7464992472116,10.5656856499984,1.97619892604316,1.36132639754717,-3147.88129091707
0.313165488378931,0.332815530138712,14.6343397430489,10.8800894350206,1.96795313077944,1.47798173673533,-3146.71840321441
0.293627246162915,0.329272219996837,15.1344649762386,10.1900301132871,2.02674769168751,1.45666055538921,-3144.67819905168
0.314513595013827,0.334583767864966,13.2192803436934,10.3556242881428,1.9268438218617,1.27190099992253,-3149.09314199314
0.302542382157385,0.314091668876264,13.8935860456245,10.8976237177023,1.8223548475476,1.41689042373684,-3145.66252361995
0.29551394134365,0.321770107991573,13.9356426353501,10.3918529126258,2.10130628788104,1.38468275297503,-3144.26533434092
0.281765796719875,0.329637283319665,14.4319884934735,9.90733113478412,1.99360399499752,1.42052730092491,-3142.87654512451
0.2968115759226,0.306890046540751,14.3303542992243,10.1025549172751,1.91347589730288,1.49634569543808,-3144.05624620741
0.29936373252607,0.307887083218994,14.3335615441855,10.4016987332439,1.6613595503424,1.45518259666551,-3147.32927125291
0.299976746439247,0.343100450719681,13.5329418559462,9.82243405446085,1.80030639553114,1.36080027512583,-3146.21638814443
0.299251804397737,0.306773224366529,14.8996609602854,10.3827452571306,1.89241354739642,1.33542580210535,-3144.68362513574
0.287011876263756,0.30652542533779,14.8640350565234,10.3975885296757,1.96687353403902,1.47255744294271,-3144.3008454915
0.296010166451717,0.294229782344889,14.1223026548593,10.304615078023,1.85692965705715,1.46045411100174,-3145.18536974502
0.323850562679607,0.338374266641881,15.0598234010475,10.2726379370762,2.09338663938072,1.6066749793607,-3152.5597176208
0.294968350587079,0.303502297460775,16.0595744247445,10.5355802329021,1.77742213798503,1.42470043119872,-3148.30122530172
0.295858387205936,0.300099607341195,14.3625613583809,9.62840795996007,2.00741400701732,1.41830297666244,-3144.31633864671
0.284863874584928,0.312429588806968,13.8467795611451,10.2679094206432,1.90267023466797,1.47729671916238,-3143.70821029717
0.294798264428889,0.314569938552376,14.375938455411,9.69483666843675,1.83158845545505,1.26215847602043,-3145.52560982579
0.310171153530307,0.296661039464286,14.1356706672265,10.1853826749417,2.02602011615217,1.46737221094341,-3145.85605154497
0.302918652106113,0.327271509086311,14.6896479507553,10.2314034252604,2.00787167509099,1.46677112404521,-3144.07815474105
0.280671813317538,0.318234843127527,14.1098766601611,10.7359724894254,1.80430366378405,1.41368715072617,-3144.54811993435
0.316896388781682,0.321051018116407,14.7298721667269,11.0151949781954,1.99702203717525,1.40716278459364,-3146.98786352823
0.286328072755898,0.34565757203046,14.6777113761923,9.66080825413218,1.90119975042663,1.41274036605948,-3144.54037398065
0.282377219236454,0.341981373260471,13.7889906958438,10.7325615157677,1.83464133394196,1.39111539306398,-3145.50867586071
0.293839307677124,0.304463472513936,14.6298826201824,9.42995704830575,1.956294352397,1.36951485552579,-3144.44011059019
0.274343825760142,0.309872160051027,14.794608992947,9.80694927049078,1.89160701685837,1.19758173232488,-3148.21631246311
0.280523340986819,0.332780540851127,14.0626057009725,10.06330687318,1.96855330559868,1.36348380249802,-3143.10465040839
0.29701115337726,0.314020439193763,14.8153183538118,10.2301317011486,1.95682103043316,1.36512855788105,-3143.52124012651
0.310287733900569,0.304994520069816,14.3892263134611,10.9139137895806,1.7964552019096,1.32500524837429,-3147.27573601035
0.290309741774681,0.299383249019736,14.2227125006625,10.0195256036146,2.00514238367429,1.43044519756995,-3143.7730580168
0.322223765953317,0.310382239187048,14.4414652182058,10.4864822753573,1.89055417791367,1.39245350418016,-3146.20018382854
0.286328072755898,0.34565757203046,14.6777113761923,9.66080825413218,1.90119975042663,1.41274036605948,-3144.54037398065
0.302226511323691,0.330006626342027,14.1786875585546,10.1987215537272,1.87617411140994,1.32119939305475,-3144.1261806749
0.298883423294767,0.314954917650901,13.8032784619666,9.8891725971814,1.88422880076033,1.31357370050895,-3144.3146742919
0.282978238133513,0.336656577178954,14.3786779617109,9.97937956157011,2.08434113270789,1.47633169400667,-3144.40403831575
0.282978238133513,0.336656577178954,14.3786779617109,9.97937956157011,2.08434113270789,1.47633169400667,-3144.40403831575
0.313305735744262,0.325317639367782,14.844963785563,10.1227511721438,1.71290954488958,1.48559048151172,-3147.35916521057
0.291709311448518,0.296329168720729,14.7939088543032,10.7099023144986,1.87775307026252,1.40489846634418,-3145.47826311936
0.309557411386579,0.304751044552095,13.8942322210965,9.49273329646149,2.02960941490295,1.39928824041276,-3145.71322312521
0.292323910260371,0.286627762529183,14.6922371247175,10.2619552687765,1.85672873549353,1.47471695096153,-3146.5030285741
0.296312969176301,0.29906618060348,14.6314168641399,10.7140472249947,2.13833965289126,1.54538097424689,-3148.45528338234
0.292229418991911,0.312577288024534,14.4603796749242,10.1506795800744,2.03667156119459,1.40256900377606,-3143.07093503959
0.282551160774356,0.31081702414508,14.1524066396089,9.90458289832304,2.02801303047318,1.29695595006515,-3144.2062161155
0.317844037372838,0.31550033365272,14.6089992018525,11.3135745188143,1.75557669958729,1.32775166523374,-3149.68705759729
0.307923264787388,0.339706240423359,13.9425171510352,10.1198118898504,1.9334192042734,1.37961799839206,-3144.54741890926
0.295993775232333,0.309358473030913,15.0831648877974,10.0534542754432,2.09739790324232,1.37145492578966,-3145.27646742174
0.288707490363197,0.303226668879381,15.024363188723,10.0046771526432,1.88872090339088,1.37204562259279,-3144.24748393669
0.28985763543485,0.300540942636377,14.0490074477487,10.2109743873467,1.89789134683879,1.36780901909404,-3143.81626135402
0.283717185226902,0.292638954714414,13.8552743193805,10.7557733642778,2.09872425219694,1.41643697051085,-3146.98842378298
0.311698687541432,0.337519371819951,14.2904591425472,10.5307591278318,2.04664393666524,1.45141931364686,-3145.65633008097
0.297695413887102,0.277068989680495,14.6024866643932,9.32958156363964,1.80025931814163,1.49590583062554,-3151.35242950831
0.294589805919608,0.313410026140069,14.5468540452139,9.7370812218689,2.03355069076264,1.43032157438391,-3143.51140497029
0.291863029191263,0.304778073355007,14.9755675999129,10.6873868631884,1.94922185078033,1.40233008078989,-3144.84491185892
0.285713304742327,0.318676998890942,13.887111289761,9.48802215840054,2.03140634128872,1.41728014109996,-3144.03227330946
0.299251804397737,0.306773224366529,14.8996609602854,10.3827452571306,1.89241354739642,1.33542580210535,-3144.68362513574
0.297608000376166,0.313761064008571,14.1885172823443,9.71691946772676,1.90772258801426,1.39170498486555,-3143.1645655685
0.295993775232333,0.309358473030913,15.0831648877974,10.0534542754432,2.09739790324232,1.37145492578966,-3145.27646742174
0.310921730366504,0.326220215514739,14.2590274557583,11.1506769274874,2.06665636510896,1.19285275312443,-3150.24120644186
0.323613094935128,0.33987302902893,14.8488778254688,10.6328975439011,1.92526190531925,1.33515775003173,-3148.07307419952
0.305340845206602,0.332258913025025,15.0285335591124,9.71831957494942,1.76839897123426,1.37619406621101,-3145.74092996393
0.306859466400158,0.323266286567683,14.4656275924879,9.20845400889184,2.14450634712151,1.41583881190776,-3147.15855651555
0.293974810083179,0.318303726669838,14.0679463539399,9.3732174392685,1.94147264523756,1.23823449597846,-3146.38085735864
0.273851971495682,0.326901783726201,14.8288056292599,9.95312612715641,1.98338828681724,1.36759740827067,-3143.68761720585
0.319206827809083,0.294098672430784,13.733466756776,10.0939257390815,1.79451799788966,1.51461741896663,-3149.44372172628
0.30279456040285,0.320483002789071,14.2164941827574,9.54433132450026,2.09057474103815,1.41485695589464,-3144.62111713679
0.29633404020476,0.334919707964225,14.1822183367907,10.4255444271556,1.87441729610373,1.30181987523346,-3144.63274952457
0.284715934183406,0.332418039886104,15.0269095767192,9.49399486453844,1.91181865725838,1.44485819633581,-3144.84970561062
0.30971834927749,0.304879113646021,14.9865204831282,10.0234201634761,1.87384083358471,1.48773145769836,-3145.96885636835
0.305340845206602,0.332258913025025,15.0285335591124,9.71831957494942,1.76839897123426,1.37619406621101,-3145.74092996393
0.296581808827579,0.323190770767036,15.2354674833617,9.41580771359296,1.67478752406061,1.49858581154522,-3148.97674141525
0.306016817165593,0.305606207169175,13.9618794438038,11.1580661668071,1.9584490556573,1.51634021099681,-3148.05499354904
0.287103014413638,0.294826325322722,14.3608143060862,10.0121106055273,2.01152862663375,1.34005053185244,-3144.62041356546
0.312022277526195,0.307899466667956,14.5025479750615,10.4300600964263,2.00908871500978,1.26665770041727,-3146.70780139413
0.291783029067571,0.301350259258249,15.1718007222886,10.9263209379646,1.98000967062893,1.3837018815628,-3146.48843088107
0.292280028501307,0.267765155107004,14.3763770074478,10.4685274270858,1.94208352423832,1.43441293800752,-3149.96161139012
0.314072944072256,0.309714689149706,14.8057515851826,10.3013393909643,2.00975748468711,1.46719161689103,-3145.69954044668
0.310411241755046,0.303961898551724,14.6588555934238,10.5965298452452,1.99169565203945,1.51293037016819,-3146.60819024338
0.293645910190797,0.308123252844447,14.2959213359746,10.4743347354223,1.99095249670408,1.43080294113295,-3143.4849448349
0.306258516136956,0.325165704629261,14.5673344042142,10.1996368908893,1.77620888208036,1.25875709446943,-3146.8351873224
0.29077585395442,0.318467330018272,14.2014891894488,10.0775184459516,2.0779437028602,1.31070173414063,-3144.07882471594
0.288500193109187,0.317478154246208,13.9127538333512,10.0855370801304,1.91865971699443,1.44831519890008,-3142.96833604722
0.282377219236454,0.341981373260471,13.7889906958438,10.7325615157677,1.83464133394196,1.39111539306398,-3145.50867586071
0.283611478386966,0.302435099491838,13.9189990015299,9.791890483047,2.1718096205731,1.61915156854757,-3151.36412461021
0.290927952293946,0.341802471289781,14.1056484912822,9.81301444764643,1.9883475367977,1.4049865077418,-3143.69958325419
0.285193946299048,0.328591844602571,14.3202864890914,10.3891116636004,2.00965530334634,1.27544038542719,-3144.5946539085
0.294176962308379,0.338264713391697,15.1048423646726,10.1158049949851,1.79866367565826,1.37555872354432,-3145.01291465042
0.291601788476342,0.284696516906507,14.4658099862326,10.4955818629571,1.88513432337523,1.3856776023651,-3146.32353741808
0.283112159630379,0.325319454508736,13.6789168531584,9.94255749348241,1.80792080192855,1.43284701179444,-3144.17550833514
0.294962427227304,0.303142369873547,14.1943216162511,10.0777552746742,1.81480662623079,1.49035697898112,-3144.8807849491
0.294349923125518,0.307163409543202,13.9652334260128,10.2282635922157,1.94887004199016,1.42702186546151,-3143.32840160242
0.319235549512039,0.320855999107531,15.1630015383813,10.2922771801966,1.9502119396117,1.32400732992141,-3146.95768026221
0.286937379572174,0.325043929323652,14.8587961696656,9.4644164041925,1.97718995215995,1.3556580853763,-3144.13034324495
0.30102750157716,0.33047958318977,14.936013833527,10.0740225683593,1.91278277863626,1.45656091744655,-3144.14490018488
0.270239614758393,0.325464252040289,13.5880366885559,9.83990870531286,1.8696154899156,1.44960610171197,-3144.76022177793
0.294632489641367,0.289687894468685,13.8283309659945,10.2683361756611,2.04033625803405,1.51718571422384,-3147.16519176865
0.299627285981634,0.310878270516426,14.8205344685288,10.022887281723,1.88612044931377,1.25496284583834,-3145.91324466629
0.306575006887093,0.315818202804902,14.7047867481075,10.5713172841953,2.11485912945494,1.35984796875769,-3145.70117926903
0.292119837765407,0.290774169384335,15.0794491253282,9.6567558951593,1.88821358346714,1.43558378239568,-3146.34986531
0.302226511323691,0.330006626342027,14.1786875585546,10.1987215537272,1.87617411140994,1.32119939305475,-3144.1261806749
0.314513595013827,0.334583767864966,13.2192803436934,10.3556242881428,1.9268438218617,1.27190099992253,-3149.09314199314
0.32568219251918,0.323640047649969,14.174756051955,9.3922400633429,1.9133363333668,1.37386637852331,-3147.13864906818
0.289446768467807,0.334272452620776,13.8574259647627,10.4159923062866,2.05425376301417,1.47032202740922,-3144.53683633905
0.30868435782883,0.301948938970871,13.9087412191747,10.5032175099662,1.98972066567568,1.44771538426107,-3145.44171565292
0.314241645893863,0.328244540292461,14.4923045405393,9.9415999434067,1.92859580132638,1.37289151020645,-3144.48421037501
0.308748699866883,0.324258664898179,14.0360420652401,10.6374274005453,1.92148698334358,1.38000286566332,-3144.51987622107
0.306771613387586,0.316372598311355,14.6133324640017,10.8174826383642,2.00423380036364,1.39431542803125,-3145.03125611085
0.289134405484586,0.313694022064694,14.4007687511714,9.39734477433314,1.99992012920095,1.39625215438337,-3143.83518910819
0.277034112707102,0.30709854945215,14.4338475100879,9.82235192637951,2.08704348001784,1.59555847976522,-3148.28435420232
0.304530724299596,0.302940149954304,14.6485315844876,10.1087688534273,1.97743639731151,1.46592701591262,-3144.62479864759
0.302226511323691,0.330006626342027,14.1786875585546,10.1987215537272,1.87617411140994,1.32119939305475,-3144.1261806749
0.28221307934698,0.32036902896325,14.7077421397599,9.70869155577861,1.87446483737293,1.35797215606794,-3143.4145677017
0.281034289662723,0.301690661974987,15.3651947293017,9.84583527535559,1.80274868167821,1.42716142735331,-3145.80572516372
0.289554826586422,0.329202585832076,14.6654371683226,10.1472024236185,2.04057569492202,1.43339226735079,-3143.3669703017
0.27061298198933,0.321032078039838,14.6751441975848,9.76379529282309,2.13454023458932,1.38767572937303,-3145.06008191147
0.29863020620717,0.30979041155012,13.984692816219,10.6054443558516,1.95721652562426,1.48203780747073,-3144.53606668429
0.310287733900569,0.304994520069816,14.3892263134611,10.9139137895806,1.7964552019096,1.32500524837429,-3147.27573601035
0.300547990650581,0.299343559691264,15.3491110169502,9.35402093850947,2.04024620002658,1.49488149016356,-3149.28717593338
0.279987498995213,0.303841686944353,14.2697991807704,10.5361438181152,1.86907096379134,1.30587525763842,-3144.90176418311
0.283560749720054,0.318761479629297,15.6283386072184,10.4275289176734,1.8572793439264,1.42508383644939,-3145.57968762081
0.279403572556142,0.312099868484546,14.035381363567,10.3268962704585,1.90593891052859,1.37883883895405,-3143.17313031019
0.291778185414908,0.338093058924401,14.3898186437276,9.40846254592204,2.03953150009692,1.40669597091726,-3144.6490081569
0.298427437372076,0.339147220757826,14.4565779682278,9.44912328874011,1.8740976686529,1.32020674156251,-3145.20328339294
0.269935122924035,0.307987054382011,13.9594748998177,9.69955225062561,1.88422277312061,1.47312424046333,-3144.88482712573
0.292652741416144,0.297856552476214,13.7134108675535,9.42101471075496,1.82963381996322,1.38637882857244,-3146.02134638124
0.28308841162856,0.312299971739984,14.6411695011211,10.3523561089112,1.9846362505236,1.3658783223637,-3143.29510196151
0.300427664580645,0.321103714578922,13.4535381777736,10.1345505258984,1.93028850549068,1.51591550675848,-3145.65004767881
0.295395353924757,0.339742944572745,14.0669186322328,9.6130747689354,1.88241820361179,1.36105416755717,-3144.24233048416
0.282176499789402,0.316386221793932,14.1455960944646,9.99142784370773,1.83100104035738,1.39949464996237,-3143.15060758801
0.283749990558479,0.299165945862789,14.180601088191,9.67700758357331,1.75021198116204,1.46957588913981,-3146.26696197429
0.260915969446355,0.322759047916355,14.2404484472803,9.8926061755634,2.03354959531922,1.40969419024502,-3144.53504105802
0.282978238133513,0.336656577178954,14.3786779617109,9.97937956157011,2.08434113270789,1.47633169400667,-3144.40403831575
0.276344600207824,0.327310938009311,14.8715562273869,10.511839890305,1.68042455006977,1.40216246705916,-3146.51850896567
0.28402293244297,0.317873364260108,13.5537634434636,10.1477981830047,1.90497078559352,1.42225103815071,-3143.69046929746
0.310223659869174,0.341829629123167,14.0600653573749,10.0963487346205,1.92184319394637,1.45111605327217,-3145.03200363442
0.284134813991939,0.339974846665461,14.8600914511295,9.68058370992934,1.78004845643901,1.37294024568166,-3145.17240003084
0.306511785190647,0.34892488192713,14.3543403069951,10.2011148063436,2.03680543178255,1.33423834980731,-3145.94475273202
0.280523340986819,0.332780540851127,14.0626057009725,10.06330687318,1.96855330559868,1.36348380249802,-3143.10465040839
0.296440875392764,0.336629094230808,14.9729734239654,10.3796970603471,1.88706413259133,1.41324836365943,-3144.33757681863
0.278913080779724,0.318659120942543,15.188090011667,10.0709157800798,1.93034681169101,1.34667929052325,-3144.27984525089
0.285645536695186,0.303744356799192,14.6065629681995,10.0391567270123,1.81041440271464,1.43578022654265,-3144.14087938582
0.287365554393011,0.314614469009555,13.4799912108541,10.1537754544792,2.01135217422991,1.3081206373402,-3145.22311225889
0.304087164803921,0.329880394944839,14.158064404911,9.78300261291107,1.79843305328813,1.44762748026292,-3144.73633510996
0.280525875395069,0.301172097840793,14.4336950598649,9.66572585923009,2.04208948814305,1.47203563602688,-3144.90814094368
0.288293214738556,0.301244787107259,15.4135567560445,9.71475570684251,2.23487940873422,1.33968451358425,-3150.04402821476
0.306686845688684,0.310669849927145,14.8553259533868,10.4088441066071,1.90541874031316,1.51249564305785,-3145.6522432163
0.302947717557606,0.320756647060561,14.033053771717,10.4910978319908,1.91571102769832,1.32752612044549,-3144.16936307333
0.305107172169739,0.315871403449658,14.9744254454268,9.95490462881046,1.71567830936834,1.37813485127277,-3145.97825129806
0.272144249578343,0.322954989217118,14.8951609524718,11.1781509683738,2.13009238937663,1.47093697205099,-3148.38614747393
0.281052212671359,0.315142488686587,14.2360666477459,11.0508815081297,1.97064710431654,1.39852125302598,-3144.68924579814
0.306754036529387,0.326317033069987,13.8303658925448,9.43858423579334,1.85131491520486,1.46293728225686,-3145.87194369241
0.282365262687744,0.321885018225956,13.530979042643,10.644533841504,1.9291697567368,1.35741394364983,-3144.64775798119
0.306859466400158,0.323266286567683,14.4656275924879,9.20845400889184,2.14450634712151,1.41583881190776,-3147.15855651555
0.300300988227516,0.315232852974677,13.7808132908346,9.89292574706147,1.66771684159621,1.38451325650448,-3147.05363875063
0.292323910260371,0.286627762529183,14.6922371247175,10.2619552687765,1.85672873549353,1.47471695096153,-3146.5030285741
0.291533846417929,0.319235666340737,14.0902785719532,9.63956337446647,1.94844531389395,1.49988156188682,-3144.23728099677
0.305532159177629,0.318196288457435,14.389640823377,10.0700246111411,1.85464936714935,1.38558644728052,-3143.65561087522
0.295418897559444,0.32270425517039,14.4682826217262,9.94061935933312,2.05446295838343,1.3166054005644,-3143.9202526386
0.293080392331212,0.301173832342818,14.5984060763864,9.96112822708047,1.79035915128679,1.39664003847635,-3144.58738557467
0.299092691018008,0.328371351313831,14.6000800873046,9.91300076978573,2.06691120540263,1.35869331906264,-3143.92204090574
0.29551394134365,0.321770107991573,13.9356426353501,10.3918529126258,2.10130628788104,1.38468275297503,-3144.26533434092
0.292256914782238,0.289425888566941,14.5442432514046,9.63048326627483,1.88958296885029,1.26829673349411,-3147.31758005309
0.305997433096312,0.334035288408281,15.3791827196727,10.2781310684901,1.95324367493184,1.32446291627819,-3146.42779584379
0.306631203924353,0.312715232563092,13.182313944161,9.71810442974284,1.80631841158585,1.47982255932834,-3147.79511554273
0.283611478386966,0.302435099491838,13.9189990015299,9.791890483047,2.1718096205731,1.61915156854757,-3151.36412461021
0.308110267998154,0.340717926444723,14.6126859037423,9.84043221655028,1.82553902771015,1.41756168888049,-3145.24738463363
0.282704360790218,0.318996911110727,14.725047042438,10.9395416268592,1.90145141015496,1.44215432895755,-3144.78240895569
0.304086014010595,0.316681046754451,14.274533921297,10.4838888100681,1.97997185473619,1.32636294408703,-3144.18828998239
0.292256914782238,0.289425888566941,14.5442432514046,9.63048326627483,1.88958296885029,1.26829673349411,-3147.31758005309
0.292003556854837,0.308867387203231,13.2679386859459,9.82163495485124,1.74360808837039,1.46154854624088,-3147.165480596
0.308110267998154,0.340717926444723,14.6126859037423,9.84043221655028,1.82553902771015,1.41756168888049,-3145.24738463363
0.306771613387586,0.316372598311355,14.6133324640017,10.8174826383642,2.00423380036364,1.39431542803125,-3145.03125611085
0.300244461285833,0.30003949626557,15.0553753162538,10.0242221357142,1.90360157892055,1.41467079255521,-3144.91525369514
0.29936373252607,0.307887083218994,14.3335615441855,10.4016987332439,1.6613595503424,1.45518259666551,-3147.32927125291
0.294962427227304,0.303142369873547,14.1943216162511,10.0777552746742,1.81480662623079,1.49035697898112,-3144.8807849491
0.304381874826527,0.309650725837589,14.8875689830791,10.0193054531606,1.84205297396309,1.44402397351827,-3144.58082135985
0.296722015575381,0.3024202207982,14.9045858092201,10.0922310568212,1.91067577850989,1.40646761944421,-3144.15133446076
0.310313259376668,0.318562270792083,13.742894565321,11.5419960529085,1.87135905096274,1.40652090484638,-3148.83494157901
0.304719377174804,0.306539853683032,14.4292010038478,10.4530805102292,1.84786187180368,1.39082641189635,-3144.4874362092
0.274510844856631,0.310431615940628,14.6532017631227,9.36930115423141,1.88835109255789,1.38620968443842,-3144.65499170987
0.292712742331134,0.327798857952069,14.6306403957737,9.76613953760741,1.91005161026866,1.35348636547876,-3143.26731717106
0.286937379572174,0.325043929323652,14.8587961696656,9.4644164041925,1.97718995215995,1.3556580853763,-3144.13034324495
0.294176962308379,0.338264713391697,15.1048423646726,10.1158049949851,1.79866367565826,1.37555872354432,-3145.01291465042
0.298427437372076,0.339147220757826,14.4565779682278,9.44912328874011,1.8740976686529,1.32020674156251,-3145.20328339294
0.310054268533408,0.29060172625006,14.6323613583907,10.1289738854978,1.93920684885585,1.5035261227765,-3147.1356416299
0.30279456040285,0.320483002789071,14.2164941827574,9.54433132450026,2.09057474103815,1.41485695589464,-3144.62111713679
0.303311248409118,0.294947071292011,14.2073627499665,10.8445415436355,2.0648260547049,1.34679536171582,-3146.82726544768
0.287927069727102,0.31648836186768,13.1996799321304,10.4664549346304,1.86084232379764,1.46950508670851,-3146.04245095255
0.28780357686996,0.313389711118904,15.3537786573844,10.1522956472118,1.87111981523996,1.48721153295575,-3145.1595297039
0.283717185226902,0.292638954714414,13.8552743193805,10.7557733642778,2.09872425219694,1.41643697051085,-3146.98842378298
0.309053958698589,0.303393680182575,14.0478761851082,9.67664565962225,1.97394326751497,1.35655673546486,-3144.94946894071
0.305736594137581,0.334317011825771,13.8913013273316,9.79538352993431,1.89527392904106,1.33576702552206,-3144.64279144373
0.311311735751798,0.303342981059471,14.0781248392972,10.1306451489647,1.83185306022397,1.42703356321103,-3145.27989920875
0.295761526588769,0.320803976556849,15.3621821590506,9.94258553944105,1.81745305298557,1.35360967121058,-3144.99240627669
0.307408848521182,0.307009381419662,15.1231849651668,9.84206819614738,1.75918474370802,1.47674480183826,-3146.80930655878
0.289275309538517,0.301718555139007,14.1644873239138,9.89502324561849,1.85873568791948,1.33538088082827,-3144.16366359442
0.312022277526195,0.307899466667956,14.5025479750615,10.4300600964263,2.00908871500978,1.26665770041727,-3146.70780139413
0.312011018023149,0.313967390257239,14.1508462055634,10.0871333469573,1.94431878910481,1.40530346377739,-3144.04330973593
0.301383482664692,0.326137520619723,14.0702847481099,10.9219631255493,1.93561276472997,1.36349213421092,-3144.75086877378
0.28350071578003,0.32500386691339,14.3238223665347,9.92664586340244,1.96104134300036,1.48439434825749,-3143.26503375538
0.305943927785362,0.306519439394271,14.3343798230909,9.95629682150878,2.1075155201222,1.3085672467756,-3145.75751759281
0.299180410718213,0.313506276856882,15.9760477679437,10.1669888888988,1.68048542079789,1.4013075804798,-3148.02056219994
0.304487313196441,0.313732701281938,14.1389176507138,10.0530166389213,1.98902531621533,1.41400763888985,-3143.39530184357
0.303643239838675,0.314449675492007,15.5898476139857,10.5448080609105,1.88977748023206,1.49727526611365,-3147.19593760704
0.310054268533408,0.29060172625006,14.6323613583907,10.1289738854978,1.93920684885585,1.5035261227765,-3147.1356416299
0.302693385291565,0.325934585422863,15.7785134001934,10.0977943138754,1.76526727675993,1.35644732318662,-3146.92230677164
0.296596094306294,0.315034192202119,14.2765744982817,10.3001063888381,1.98869759784028,1.30294515956075,-3143.94487071089
0.300529981411528,0.285445845306553,14.7857579672544,10.1230657192018,2.08942512297174,1.33306789366496,-3147.76084032475
0.286413119019457,0.308966877011302,14.5990439419395,10.5526555178602,1.88609930987019,1.3752894434587,-3143.70846665776
0.2968115759226,0.306890046540751,14.3303542992243,10.1025549172751,1.91347589730288,1.49634569543808,-3144.05624620741
0.301182305296867,0.322321573575443,14.6204006848385,9.64158255730139,1.97462459075607,1.31571329175568,-3144.26006259801
0.29050984454996,0.313633168416467,14.1201847207321,9.87312118490519,2.12201263581919,1.50943271736278,-3145.31201990064
0.309053958698589,0.303393680182575,14.0478761851082,9.67664565962225,1.97394326751497,1.35655673546486,-3144.94946894071
0.29222610112416,0.296896916083186,14.9850261476965,9.92026921123078,1.88529476839132,1.46730567317046,-3145.27916026327
0.277336775828419,0.280916586190347,14.9914282738699,10.3419489491098,1.96671286180373,1.43127687370295,-3147.72983227807
0.281770196722249,0.307016305527156,13.9885007711741,9.03008726068708,2.03241683554376,1.39598104939874,-3146.46575467669
0.318864286593417,0.339689723829849,13.7610759243261,9.26799873636546,2.09968080029534,1.37086503578492,-3149.02274495093
0.283749990558479,0.299165945862789,14.180601088191,9.67700758357331,1.75021198116204,1.46957588913981,-3146.26696197429
0.294968350587079,0.303502297460775,16.0595744247445,10.5355802329021,1.77742213798503,1.42470043119872,-3148.30122530172
0.296777996415018,0.354495471513596,14.8244349494566,10.3027952019449,2.0714506595813,1.45195582994903,-3146.7712430326
0.289743970034672,0.314293358105662,14.3233034106004,10.1303009070682,1.91243235497069,1.38016586281557,-3142.6568281533
0.277212995403078,0.332784041224466,14.4242590564996,9.59048506520726,2.01167428469234,1.52451252019868,-3145.71739285607
0.298969161641066,0.314094136085702,16.0424966468091,10.3703940018205,1.81759871743415,1.36488337981797,-3147.49313179844
0.315476221482935,0.317625478185387,14.4015668054076,10.1489299067653,1.95306965428056,1.44183237510612,-3144.55413511948
0.295139508691476,0.307492175999207,14.1478567423922,9.98146975175488,1.8702287340061,1.36530612460579,-3143.43377522291
0.297043595745062,0.322163160731633,15.0196135748584,10.3692333475303,1.97858877444775,1.4354880242955,-3144.05108569956
0.314241030382715,0.299681071821285,14.5539760528028,9.87653571719425,2.02319534432047,1.42107604507198,-3145.74617029527
0.290731638627011,0.326014569082617,15.4190770918129,10.796516744361,1.7979832526163,1.36846232644245,-3146.2050303407
0.284378809521997,0.30718225609843,13.7109394155089,9.62819112521563,1.80238576228207,1.18512722367538,-3149.81272602631
0.288707490363197,0.303226668879381,15.024363188723,10.0046771526432,1.88872090339088,1.37204562259279,-3144.24748393669
